-- phpMyAdmin SQL Dump
-- version 4.7.2
-- https://www.phpmyadmin.net/
--
-- Servidor: localhost
-- Tiempo de generación: 27-04-2018 a las 11:54:41
-- Versión del servidor: 5.6.35
-- Versión de PHP: 7.1.6

SET SQL_MODE = "NO_AUTO_VALUE_ON_ZERO";
SET time_zone = "+00:00";


/*!40101 SET @OLD_CHARACTER_SET_CLIENT=@@CHARACTER_SET_CLIENT */;
/*!40101 SET @OLD_CHARACTER_SET_RESULTS=@@CHARACTER_SET_RESULTS */;
/*!40101 SET @OLD_COLLATION_CONNECTION=@@COLLATION_CONNECTION */;
/*!40101 SET NAMES utf8mb4 */;

--
-- Base de datos: `new_zippedi_db`
--
CREATE DATABASE IF NOT EXISTS `new_zippedi_db` DEFAULT CHARACTER SET utf8 COLLATE utf8_general_ci;
USE `new_zippedi_db`;

-- --------------------------------------------------------

--
-- Estructura de tabla para la tabla `aisles`
--

CREATE TABLE `aisles` (
  `id` int(11) NOT NULL,
  `company_id` int(11) NOT NULL,
  `store_id` int(11) NOT NULL,
  `aisle_number` varchar(45) NOT NULL,
  `enabled` int(11) NOT NULL,
  `created` datetime DEFAULT NULL,
  `modified` datetime DEFAULT NULL
) ENGINE=InnoDB DEFAULT CHARSET=utf8;

-- --------------------------------------------------------

--
-- Estructura de tabla para la tabla `analyzed_products`
--

CREATE TABLE `analyzed_products` (
  `id` int(11) NOT NULL,
  `product_store_id` int(11) NOT NULL,
  `seen_strip_price` float NOT NULL,
  `entry_date` datetime DEFAULT NULL,
  `departure_date` datetime DEFAULT NULL,
  `start_price` float DEFAULT NULL,
  `end_price` float DEFAULT NULL,
  `difference` float DEFAULT NULL,
  `detection_code` varchar(80) NOT NULL,
  `session_date` datetime NOT NULL,
  `location_x` float DEFAULT NULL,
  `location_y` float DEFAULT NULL,
  `location_z` float DEFAULT NULL,
  `label_image_path` varchar(255) DEFAULT NULL,
  `facing_image_path` varchar(255) DEFAULT NULL,
  `created` datetime DEFAULT NULL,
  `modified` datetime DEFAULT NULL
) ENGINE=InnoDB DEFAULT CHARSET=utf8;

-- --------------------------------------------------------

--
-- Estructura de tabla para la tabla `categories`
--

CREATE TABLE `categories` (
  `id` int(11) NOT NULL,
  `company_id` int(11) NOT NULL,
  `section_id` int(11) NOT NULL,
  `category_name` varchar(45) NOT NULL,
  `category_code` varchar(45) NOT NULL,
  `created` datetime DEFAULT NULL,
  `modified` datetime DEFAULT NULL
) ENGINE=InnoDB DEFAULT CHARSET=utf8;

--
-- Volcado de datos para la tabla `categories`
--

INSERT INTO `categories` (`id`, `company_id`, `section_id`, `category_name`, `category_code`, `created`, `modified`) VALUES
(1, 1, 1, 'Leches Fluidas', '0301', '2018-04-10 13:48:15', '2018-04-10 13:48:15'),
(2, 1, 1, 'Jugos Fresh', '0302', '2018-04-10 14:10:48', '2018-04-10 14:10:48'),
(3, 1, 1, 'Mantequilla / Manteca', '0303', '2018-04-10 14:11:12', '2018-04-10 14:11:12'),
(4, 1, 1, 'Margarinas', '0304', '2018-04-10 14:11:45', '2018-04-10 14:11:45'),
(5, 1, 1, 'Huevos', '0305', '2018-04-10 14:11:55', '2018-04-10 14:11:55'),
(6, 1, 1, 'Bebidas Vegetales', '0306', '2018-04-10 14:12:19', '2018-04-10 14:12:19'),
(7, 1, 1, 'Helados', '0307', '2018-04-10 14:12:31', '2018-04-10 14:12:31'),
(8, 1, 1, 'Yoghurt y L.Cultivadas', '0310', '2018-04-10 14:13:00', '2018-04-10 14:13:00'),
(9, 1, 1, 'Postres Lácteos', '0311', '2018-04-10 14:13:46', '2018-04-10 14:13:46'),
(10, 1, 1, 'Crema de Leche', '0312', '2018-04-10 14:14:04', '2018-04-10 14:14:04'),
(11, 1, 1, 'D.Leche / Manjar', '0313', '2018-04-10 14:14:35', '2018-04-10 14:14:35'),
(12, 1, 1, 'Levadura', '0315', '2018-04-10 14:15:03', '2018-04-10 14:15:03'),
(13, 1, 1, 'Hielo', '0317', '2018-04-10 14:15:20', '2018-04-10 14:15:20'),
(14, 1, 2, 'Aceites', '0701', '2018-04-10 14:16:05', '2018-04-10 14:16:05'),
(15, 1, 2, 'Nutrición Infantil', '0702', '2018-04-10 14:18:42', '2018-04-10 14:18:42'),
(16, 1, 2, 'Cereales', '0703', '2018-04-10 14:19:16', '2018-04-10 14:19:16'),
(17, 1, 2, 'Arroz', '0704', '2018-04-10 14:19:51', '2018-04-10 14:19:51'),
(18, 1, 2, 'Azucar', '0705', '2018-04-10 14:21:06', '2018-04-10 14:22:04'),
(19, 1, 2, 'Café', '0706', '2018-04-10 14:22:22', '2018-04-10 14:22:22'),
(20, 1, 2, 'Conservas de Pescado', '0707', '2018-04-10 14:23:25', '2018-04-10 14:23:25'),
(21, 1, 2, 'Conservas de Maríscos', '0708', '2018-04-10 14:23:45', '2018-04-10 14:23:45'),
(22, 1, 2, 'Conservas de Carne', '0709', '2018-04-10 14:24:22', '2018-04-10 14:24:22'),
(23, 1, 2, 'Fideos', '0710', '2018-04-10 14:24:39', '2018-04-10 14:34:09'),
(24, 1, 2, 'Harinas', '0711', '2018-04-10 14:33:55', '2018-04-10 14:33:55'),
(25, 1, 2, 'Postres', '0712', '2018-04-10 14:39:54', '2018-04-10 14:39:54'),
(26, 1, 2, 'Leche en Polvo y Saborizantes', '0713', '2018-04-10 14:40:13', '2018-04-10 14:40:13'),
(27, 1, 2, 'Legumbres y Fruta Seca', '0714', '2018-04-10 14:41:33', '2018-04-10 14:41:33'),
(28, 1, 2, 'Mermeladas, Miel y Dulces', '0715', '2018-04-10 14:41:50', '2018-04-10 14:41:50'),
(29, 1, 2, 'Puré Instantaneo', '0716', '2018-04-10 14:44:02', '2018-04-10 14:44:02'),
(30, 1, 2, 'Sopas, Cremas y Caldos', '0717', '2018-04-10 14:44:23', '2018-04-10 14:44:23'),
(31, 1, 2, 'Té / Hierbas', '0718', '2018-04-10 14:44:40', '2018-04-10 14:44:40'),
(32, 1, 2, 'Yerba Mate', '0719', '2018-04-10 14:44:53', '2018-04-10 14:44:53'),
(33, 1, 2, 'Sal', '0720', '2018-04-10 14:45:09', '2018-04-10 14:45:09'),
(34, 1, 2, 'Vinagres', '0721', '2018-04-10 14:46:00', '2018-04-10 14:46:00'),
(35, 1, 2, 'Conservas de Frutas', '0722', '2018-04-10 14:46:18', '2018-04-10 14:46:18'),
(36, 1, 2, 'Conservas de Verduras', '0723', '2018-04-10 14:48:40', '2018-04-10 14:48:40'),
(37, 1, 2, 'Linea Roja', '0724', '2018-04-10 14:49:01', '2018-04-10 14:49:01'),
(38, 1, 2, 'Platos Preparados', '0725', '2018-04-10 14:49:53', '2018-04-10 14:49:53'),
(39, 1, 2, 'Repostería', '0726', '2018-04-10 14:50:06', '2018-04-10 14:50:06'),
(40, 1, 2, 'Comidas Étnicas', '0727', '2018-04-10 14:50:20', '2018-04-10 14:50:20'),
(41, 1, 2, 'Edulcorantes', '0728', '2018-04-10 14:50:40', '2018-04-10 14:50:40'),
(42, 1, 2, 'Horneables', '0729', '2018-04-10 14:50:54', '2018-04-10 14:50:54'),
(43, 1, 2, 'Productos Celiacos', '0730', '2018-04-10 14:51:12', '2018-04-10 14:51:12'),
(44, 1, 2, 'Cajas Especiales', '0731', '2018-04-10 14:51:43', '2018-04-10 14:51:43'),
(45, 1, 2, 'Conversas Pate Abarrotes', '0732', '2018-04-10 14:52:06', '2018-04-10 14:52:06'),
(46, 1, 2, 'Productos Organicos', '0733', '2018-04-10 14:52:24', '2018-04-10 14:52:24'),
(47, 1, 2, 'Conversas Lácteas', '0734', '2018-04-10 14:52:47', '2018-04-10 14:52:47'),
(48, 1, 3, 'Champagne', '0801', '2018-04-10 14:53:32', '2018-04-10 14:53:32'),
(49, 1, 3, 'Sidras', '0802', '2018-04-10 14:53:43', '2018-04-10 14:53:43'),
(50, 1, 3, 'Vinos Blancos', '0803', '2018-04-10 14:53:56', '2018-04-10 14:53:56'),
(51, 1, 3, 'Vinos Tintos', '0804', '2018-04-10 14:54:13', '2018-04-10 14:54:13'),
(52, 1, 3, 'Vino Rose', '0805', '2018-04-10 14:54:41', '2018-04-10 14:54:41'),
(53, 1, 3, 'Vino Añejo', '0806', '2018-04-10 14:55:01', '2018-04-10 14:55:49'),
(54, 1, 3, 'Viñería Exclusiva y Personalizada', '0807', '2018-04-10 14:55:38', '2018-04-10 14:55:38'),
(55, 1, 3, 'Estacional', '0808', '2018-04-10 14:56:20', '2018-04-10 14:56:20'),
(56, 1, 3, 'Importado', '0809', '2018-04-10 14:56:44', '2018-04-10 14:57:47'),
(57, 1, 3, 'Pack', '0810', '2018-04-10 14:57:11', '2018-04-10 14:57:56'),
(58, 1, 4, 'Galletas Saladas', '1001', '2018-04-10 14:58:46', '2018-04-10 14:58:46'),
(59, 1, 4, 'Galletas Dulces', '1002', '2018-04-10 14:59:00', '2018-04-10 14:59:00'),
(60, 1, 4, 'Chocolates', '1003', '2018-04-10 14:59:14', '2018-04-10 14:59:14'),
(61, 1, 4, 'Alfajores', '1004', '2018-04-10 15:00:06', '2018-04-10 15:00:06'),
(62, 1, 4, 'Bombones', '1005', '2018-04-10 15:00:19', '2018-04-10 15:00:19'),
(63, 1, 4, 'Caramelos', '1006', '2018-04-10 15:00:29', '2018-04-10 15:00:29'),
(64, 1, 4, 'Chicles y Gomitas', '1007', '2018-04-10 15:00:44', '2018-04-10 15:00:44'),
(65, 1, 4, 'Productos Navidad', '1008', '2018-04-10 15:01:45', '2018-04-10 15:01:45'),
(66, 1, 4, 'Productos de Pascua', '1009', '2018-04-10 15:02:00', '2018-04-10 15:02:00'),
(67, 1, 4, 'Productos Halloween', '1010', '2018-04-10 15:02:36', '2018-04-10 15:02:36'),
(68, 1, 4, 'Barquillos / Cuchufli', '1011', '2018-04-10 15:03:02', '2018-04-10 15:03:02'),
(69, 1, 4, 'Mazapán / Turron', '1012', '2018-04-10 15:03:24', '2018-04-10 15:03:24'),
(70, 1, 4, 'Bizcochos', '1013', '2018-04-10 15:03:35', '2018-04-10 15:03:35'),
(71, 1, 4, 'Manjar / Calugas', '1014', '2018-04-10 15:03:54', '2018-04-10 15:03:54'),
(72, 1, 4, 'Check Out', '1015', '2018-04-10 15:04:28', '2018-04-10 15:04:28'),
(73, 1, 5, 'Electricidad y Energía', '1301', '2018-04-10 15:05:02', '2018-04-10 15:05:02'),
(74, 1, 5, 'Ferretería Hogar', '1302', '2018-04-10 15:05:18', '2018-04-10 15:05:18'),
(75, 1, 5, 'Herramientas y Organizados', '1303', '2018-04-10 15:05:58', '2018-04-10 15:05:58'),
(76, 1, 6, 'Accesorios de Cabello', '1401', '2018-04-10 15:05:58', '2018-04-10 15:05:58'),
(77, 1, 6, 'Jabones de Tocador', '1402', '2018-04-10 15:05:58', '2018-04-10 15:05:58'),
(78, 1, 6, 'Pañales', '1403', '2018-04-10 15:05:58', '2018-04-10 15:05:58'),
(79, 1, 6, 'Productos de Papel', '1404', '2018-04-10 15:05:58', '2018-04-10 15:05:58'),
(80, 1, 6, 'Salud', '1405', '2018-04-10 15:05:58', '2018-04-10 15:05:58'),
(81, 1, 6, 'Produc. Pédicos y Manicure', '1406', '2018-04-10 15:05:58', '2018-04-10 15:05:58'),
(82, 1, 6, 'Labiales Infantiles', '1407', '2018-04-10 15:05:58', '2018-04-10 15:05:58'),
(83, 1, 6, 'Desodorantes', '1408', '2018-04-10 15:05:58', '2018-04-10 15:05:58'),
(84, 1, 6, 'Higiene Intima Femenina', '1409', '2018-04-10 15:05:58', '2018-04-10 15:05:58'),
(85, 1, 6, 'Cuidado Integral', '1410', '2018-04-10 15:05:58', '2018-04-10 15:05:58'),
(86, 1, 6, 'Bronceador y Bloqueador Solar', '1411', '2018-04-10 15:05:58', '2018-04-10 15:05:58'),
(87, 1, 6, 'Perfumes, Lociones, Colonias', '1412', '2018-04-10 15:05:58', '2018-04-10 15:05:58'),
(88, 1, 6, 'Perfumería Infantil', '1413', '2018-04-10 15:05:58', '2018-04-10 15:05:58'),
(89, 1, 6, 'Higiene Bucal', '1414', '2018-04-10 15:05:58', '2018-04-10 15:05:58'),
(90, 1, 6, 'Afeitado', '1415', '2018-04-10 15:05:58', '2018-04-10 15:05:58'),
(91, 1, 6, 'Higiene Capilar', '1416', '2018-04-10 15:05:58', '2018-04-10 15:05:58'),
(92, 1, 6, 'Coloración Cabello', '1417', '2018-04-10 15:05:58', '2018-04-10 15:05:58'),
(93, 1, 6, 'Accesorios de Baño', '1418', '2018-04-10 15:05:58', '2018-04-10 15:05:58'),
(94, 1, 6, 'Estuches de Regalo', '1419', '2018-04-10 15:05:58', '2018-04-10 15:05:58'),
(95, 1, 6, 'Depilación Femenina', '1420', '2018-04-10 15:05:58', '2018-04-10 15:05:58'),
(96, 1, 6, 'Incontinencia y Cuidado', '1421', '2018-04-10 15:05:58', '2018-04-10 15:05:58'),
(97, 1, 6, 'Maquillaje', '1422', '2018-04-10 15:05:58', '2018-04-10 15:05:58'),
(98, 1, 7, 'Detergentes para Ropa', '1801', '2018-04-10 15:05:58', '2018-04-10 15:05:58'),
(99, 1, 7, 'Acondicionadores para Ropa', '1802', '2018-04-10 15:05:58', '2018-04-10 15:05:58'),
(100, 1, 7, 'Detergente Lavavajilla', '1803', '2018-04-10 15:05:58', '2018-04-10 15:05:58'),
(101, 1, 7, 'Cocina y Vajilla', '1804', '2018-04-10 15:05:58', '2018-04-10 15:05:58'),
(102, 1, 7, 'Textiles', '1805', '2018-04-10 15:05:58', '2018-04-10 15:05:58'),
(103, 1, 7, 'Aseo Pisos, Alfombras y Vidrios', '1806', '2018-04-10 15:05:58', '2018-04-10 15:05:58'),
(104, 1, 7, 'Cloros / Lavandinas', '1807', '2018-04-10 15:05:58', '2018-04-10 15:05:58'),
(105, 1, 7, 'Limpiadores Especificos', '1808', '2018-04-10 15:05:58', '2018-04-10 15:05:58'),
(106, 1, 7, 'Limpieza para Baños', '1809', '2018-04-10 15:05:58', '2018-04-10 15:05:58'),
(107, 1, 7, 'Ceras y Quitaceras', '1810', '2018-04-10 15:05:58', '2018-04-10 15:05:58'),
(108, 1, 7, 'Limpieza Calzado', '1811', '2018-04-10 15:05:58', '2018-04-10 15:05:58'),
(109, 1, 7, 'Lustramuebles / Metales y Joyas', '1812', '2018-04-10 15:05:58', '2018-04-10 15:05:58'),
(110, 1, 7, 'Artículos de Papel', '1813', '2018-04-10 15:05:58', '2018-04-10 15:05:58'),
(111, 1, 7, 'Desodorante Hogar', '1814', '2018-04-10 15:05:58', '2018-04-10 15:05:58'),
(112, 1, 7, 'Insecticidas Hogar', '1815', '2018-04-10 15:05:58', '2018-04-10 15:05:58'),
(113, 1, 7, 'Bolsas para Basura /Residuos', '1816', '2018-04-10 15:05:58', '2018-04-10 15:05:58'),
(114, 1, 7, 'Broches / Pinzas / Fosforos / Velas', '1817', '2018-04-10 15:05:58', '2018-04-10 15:05:58'),
(115, 1, 8, 'Aguas Minerales', '2601', '2018-04-10 15:05:58', '2018-04-10 15:05:58'),
(116, 1, 8, 'Bebidas Gaseosas', '2602', '2018-04-10 15:05:58', '2018-04-10 15:05:58'),
(117, 1, 8, 'Cervezas', '2603', '2018-04-10 15:05:58', '2018-04-10 15:05:58'),
(118, 1, 8, 'Nectar y Jugos Líquidos', '2604', '2018-04-10 15:05:58', '2018-04-10 15:05:58'),
(119, 1, 8, 'Bebidas Energeticas', '2605', '2018-04-10 15:05:58', '2018-04-10 15:05:58'),
(120, 1, 8, 'Refrescos en Polvo y Concentrados', '2606', '2018-04-10 15:05:58', '2018-04-10 15:05:58'),
(121, 1, 8, 'Complemento Licores', '2607', '2018-04-10 15:05:58', '2018-04-10 15:05:58'),
(122, 1, 8, 'Bebidas Isotonicas', '2608', '2018-04-10 15:05:58', '2018-04-10 15:05:58'),
(123, 1, 8, 'Ice Tea', '2609', '2018-04-10 15:05:58', '2018-04-10 15:05:58'),
(124, 1, 8, 'Cervezas Sin Alcohol', '2610', '2018-04-10 15:05:58', '2018-04-10 15:05:58'),
(125, 1, 9, 'Licores', '2901', '2018-04-10 15:05:58', '2018-04-10 15:05:58'),
(126, 1, 9, 'Whisky', '2902', '2018-04-10 15:05:58', '2018-04-10 15:05:58'),
(127, 1, 9, 'Pisco', '2903', '2018-04-10 15:05:58', '2018-04-10 15:05:58'),
(128, 1, 9, 'Tequila', '2904', '2018-04-10 15:05:58', '2018-04-10 15:05:58'),
(129, 1, 9, 'Vodka', '2905', '2018-04-10 15:05:58', '2018-04-10 15:05:58'),
(130, 1, 9, 'Estacional', '2906', '2018-04-10 15:05:58', '2018-04-10 15:05:58'),
(131, 1, 9, 'Ron', '2907', '2018-04-10 15:05:58', '2018-04-10 15:05:58'),
(132, 1, 10, 'Semillas y Bulbos', '5301', NULL, NULL),
(133, 1, 10, 'Tierras y Fertilizantes', '5302', NULL, NULL),
(134, 1, 10, 'Plaguicidas', '5303', NULL, NULL),
(135, 1, 10, 'Herramientas Manuales', '5304', NULL, NULL),
(136, 1, 10, 'Riego', '5305', NULL, NULL),
(137, 1, 10, 'Macetería', '5306', NULL, NULL),
(138, 1, 10, 'Decoración', '5307', NULL, NULL),
(139, 1, 10, 'Herramientas Eléctricas', '5308', NULL, NULL),
(140, 1, 10, 'Plantas Artificiales', '5309', NULL, NULL),
(141, 1, 10, 'Elementos Constructivos De Jardín', '5310', NULL, NULL),
(151, 1, 11, 'Lubricantes', '4601', NULL, NULL),
(152, 1, 11, 'Aditivos', '4602', NULL, NULL),
(153, 1, 11, 'Limpieza de Automotor', '4603', NULL, NULL),
(154, 1, 11, 'Fundas y Cobertores Para Vehiculos', '4604', NULL, NULL),
(155, 1, 11, 'Baterías', '4605', NULL, NULL),
(156, 1, 11, 'Herramientas De Automotor', '4606', NULL, NULL),
(157, 1, 11, 'Seguridad', '4607', NULL, NULL),
(158, 1, 11, 'Repuestos y Accesorios', '4608', NULL, NULL),
(159, 1, 11, 'Autoestereos', '4609', NULL, NULL),
(160, 1, 12, 'Salsas y Aderezos', '1101', NULL, NULL),
(161, 1, 12, 'Snacks', '1102', NULL, NULL),
(162, 1, 12, 'Encurtidos', '1103', NULL, NULL),
(163, 1, 12, 'Condimentos y Semillas', '1104', NULL, NULL),
(164, 1, 12, 'Complementos Dietarios', '1105', NULL, NULL),
(165, 1, 12, 'Microempresario Abarrotes', '1106', NULL, NULL),
(166, 1, 12, 'Microempresario Cocktail', '1107', NULL, NULL),
(167, 1, 12, 'Microempresario Galletas', '1108', NULL, NULL),
(168, 1, 12, 'Microempresario Botillería', '1110', NULL, NULL),
(169, 1, 12, 'Comida Étnica', '1117', NULL, NULL),
(170, 1, 13, 'Hamburguesas', '2001', NULL, NULL),
(171, 1, 13, 'Nuggets y Apanados', '2002', NULL, NULL),
(172, 1, 13, 'Elaborados Porcionados', '2003', NULL, NULL),
(173, 1, 13, 'Vegetariano', '2004', NULL, NULL),
(174, 1, 13, 'Papas', '2005', NULL, NULL),
(175, 1, 13, 'Hortalizas', '2006', NULL, NULL),
(176, 1, 13, 'Pulpas y Frutas', '2007', NULL, NULL),
(177, 1, 13, 'Comidas Congeladas', '2008', NULL, NULL),
(178, 1, 14, 'Accesorios Médicos', '2101', NULL, NULL),
(179, 1, 14, 'OTC', '2102', NULL, NULL),
(180, 1, 14, 'RX', '2105', NULL, NULL),
(181, 1, 14, 'RX Genéricos', '2106', NULL, NULL),
(182, 1, 14, 'Salud', '2109', NULL, NULL),
(183, 1, 14, 'Veterinaria', '2110', NULL, NULL),
(184, 1, 14, 'Recetario Magistral', '2111', NULL, NULL),
(185, 1, 15, 'Jamones G1', '0201', NULL, NULL),
(186, 1, 15, 'Jamones G2', '0202', NULL, NULL),
(187, 1, 15, 'Pechugas', '0203', NULL, NULL),
(188, 1, 15, 'Vienesas', '0204', NULL, NULL),
(189, 1, 15, 'Parrilleros', '0205', NULL, NULL),
(190, 1, 15, 'Salames', '0206', NULL, NULL),
(191, 1, 15, 'Aceitunas y Encurtidos', '0207', NULL, NULL),
(192, 1, 15, 'Paté', '0208', NULL, NULL),
(193, 1, 15, 'Secos', '0209', NULL, NULL),
(194, 1, 15, 'Fiambres', '0210', NULL, NULL),
(195, 1, 15, 'Arrollados', '0211', NULL, NULL),
(196, 1, 15, 'Mortadelas', '0212', NULL, NULL),
(197, 1, 15, 'Especialidades', '0213', NULL, NULL),
(198, 1, 16, 'Juguetería', '1501', NULL, NULL),
(199, 1, 16, 'Primera Edad', '1502', NULL, NULL),
(200, 1, 16, 'Niño', '1503', NULL, NULL),
(201, 1, 16, 'Niña', '1504', NULL, NULL),
(202, 1, 16, 'Ambos Sexos', '1505', NULL, NULL),
(203, 1, 16, 'No Usar', '1506', NULL, NULL),
(204, 1, 16, 'No Usar', '1507', NULL, NULL),
(205, 1, 16, 'Cumpleaños', '1508', NULL, NULL),
(206, 1, 16, 'No Usar', '1509', NULL, NULL),
(207, 1, 16, 'Temporadas Especiales', '1510', NULL, NULL),
(208, 1, 16, 'Disponible', '1511', NULL, NULL),
(209, 1, 17, 'Cuadernos', '1901', NULL, NULL),
(210, 1, 17, 'Papelería', '1902', NULL, NULL),
(211, 1, 17, 'Articulos De Oficina', '1903', NULL, NULL),
(212, 1, 17, 'Libros', '1904', NULL, NULL),
(213, 1, 17, 'Escritura y Dibujo', '1905', NULL, NULL),
(214, 1, 17, 'Mochilas y Accesorios', '1906', NULL, NULL),
(215, 1, 17, 'Trabajos Manuales', '1907', NULL, NULL),
(216, 1, 17, 'Regalería y Coleccionables', '1908', NULL, NULL),
(226, 1, 18, 'Alimentos Para Perros', '3801', NULL, NULL),
(227, 1, 18, 'Alimentos Para Gatos', '3802', NULL, NULL),
(228, 1, 18, 'Alimentos Mascotas Menores', '3803', NULL, NULL),
(229, 1, 18, 'Alimentos Animales Acuáticos', '3804', NULL, NULL),
(230, 1, 18, 'Accesorios Para Mascotas', '3805', NULL, NULL),
(231, 1, 18, 'Perro', '3806', NULL, NULL),
(232, 1, 18, 'Gato', '3807', NULL, NULL),
(233, 1, 18, 'Otras Mascotas', '3808', NULL, NULL),
(234, 1, 18, 'Accesorios Mascotas', '3809', NULL, NULL),
(240, 1, 19, 'Menaje Mesa', '4101', NULL, NULL),
(241, 1, 19, 'Textiles de Mesa', '4102', NULL, NULL),
(242, 1, 19, 'Colecciones De Mesa', '4103', NULL, NULL),
(243, 1, 19, 'Disponible', '4104', NULL, NULL),
(244, 1, 19, 'Disponible', '4106', NULL, NULL),
(245, 1, 20, 'Panificados Envasados', '0101', NULL, NULL),
(246, 1, 20, 'Pastelería', '0102', NULL, NULL),
(247, 1, 21, 'Materias Primas', '1701', NULL, NULL),
(248, 1, 21, 'Disponible', '1702', NULL, NULL),
(249, 1, 21, 'Disponible', '1703', NULL, NULL),
(250, 1, 21, 'Pastas Fabrica', '1707', NULL, NULL),
(251, 1, 21, 'Pastas Terceros', '1713', NULL, NULL),
(252, 1, 21, 'Disponible', '1714', NULL, NULL),
(253, 1, 22, 'Materias Primas', '3201', NULL, NULL),
(254, 1, 22, 'Pastelería Producción', '3202', NULL, NULL),
(255, 1, 22, 'Pastelería Terceros', '3203', NULL, NULL),
(256, 1, 22, 'Art. Pastelería a Eliminar', '3204', NULL, NULL),
(257, 1, 22, 'Semi Elaborados', '3205', NULL, NULL),
(258, 1, 22, 'Pastelería Proveedor', '3206', NULL, NULL),
(261, 1, 23, 'Piletas / Piscinas y Accesorios', '2401', NULL, NULL),
(262, 1, 23, 'Parrillas y Accesorios', '2402', NULL, NULL);

-- --------------------------------------------------------

--
-- Estructura de tabla para la tabla `communes`
--

CREATE TABLE `communes` (
  `id` int(11) NOT NULL,
  `country_id` int(11) NOT NULL,
  `region_id` int(11) NOT NULL,
  `commune_name` varchar(45) NOT NULL,
  `enabled` int(11) NOT NULL,
  `created` datetime DEFAULT NULL,
  `modified` datetime DEFAULT NULL
) ENGINE=InnoDB DEFAULT CHARSET=utf8;

--
-- Volcado de datos para la tabla `communes`
--

INSERT INTO `communes` (`id`, `country_id`, `region_id`, `commune_name`, `enabled`, `created`, `modified`) VALUES
(1, 1, 1, 'Arica', 0, '0000-00-00 00:00:00', '0000-00-00 00:00:00'),
(2, 1, 1, 'Camarones', 0, '0000-00-00 00:00:00', '0000-00-00 00:00:00'),
(3, 1, 1, 'Putre', 0, '0000-00-00 00:00:00', '0000-00-00 00:00:00'),
(4, 1, 1, 'General Las', 0, '0000-00-00 00:00:00', '0000-00-00 00:00:00'),
(5, 1, 2, 'Iquique', 0, '0000-00-00 00:00:00', '0000-00-00 00:00:00'),
(6, 1, 2, 'Alto Hospicio', 0, '0000-00-00 00:00:00', '0000-00-00 00:00:00'),
(7, 1, 2, 'Pozo Almonte', 0, '0000-00-00 00:00:00', '0000-00-00 00:00:00'),
(8, 1, 2, 'Camiña', 0, '0000-00-00 00:00:00', '0000-00-00 00:00:00'),
(9, 1, 2, 'Colchane', 0, '0000-00-00 00:00:00', '0000-00-00 00:00:00'),
(10, 1, 2, 'Huara', 0, '0000-00-00 00:00:00', '0000-00-00 00:00:00'),
(11, 1, 2, 'Pica', 0, '0000-00-00 00:00:00', '0000-00-00 00:00:00'),
(12, 1, 3, 'Antofagasta', 0, '0000-00-00 00:00:00', '0000-00-00 00:00:00'),
(13, 1, 3, 'Mejillones', 0, '0000-00-00 00:00:00', '0000-00-00 00:00:00'),
(14, 1, 3, 'Sierra rda', 0, '0000-00-00 00:00:00', '0000-00-00 00:00:00'),
(15, 1, 3, 'Taltal', 0, '0000-00-00 00:00:00', '0000-00-00 00:00:00'),
(16, 1, 3, 'Calama', 0, '0000-00-00 00:00:00', '0000-00-00 00:00:00'),
(17, 1, 3, 'Ollagüe', 0, '0000-00-00 00:00:00', '0000-00-00 00:00:00'),
(18, 1, 3, 'San Pedro De Atacama', 0, '0000-00-00 00:00:00', '0000-00-00 00:00:00'),
(19, 1, 3, 'Tocopilla', 0, '0000-00-00 00:00:00', '0000-00-00 00:00:00'),
(20, 1, 3, 'María Elena', 0, '0000-00-00 00:00:00', '0000-00-00 00:00:00'),
(21, 1, 4, 'Copiapó', 0, '0000-00-00 00:00:00', '0000-00-00 00:00:00'),
(22, 1, 4, 'Caldera', 0, '0000-00-00 00:00:00', '0000-00-00 00:00:00'),
(23, 1, 4, 'Tierra Amarilla', 0, '0000-00-00 00:00:00', '0000-00-00 00:00:00'),
(24, 1, 4, 'Chañaral', 0, '0000-00-00 00:00:00', '0000-00-00 00:00:00'),
(25, 1, 4, 'Die De Almagro', 0, '0000-00-00 00:00:00', '0000-00-00 00:00:00'),
(26, 1, 4, 'Vallenar', 0, '0000-00-00 00:00:00', '0000-00-00 00:00:00'),
(27, 1, 4, 'Alto Del Carme', 0, '0000-00-00 00:00:00', '0000-00-00 00:00:00'),
(28, 1, 4, 'Freirina', 0, '0000-00-00 00:00:00', '0000-00-00 00:00:00'),
(29, 1, 4, 'Huasco', 0, '0000-00-00 00:00:00', '0000-00-00 00:00:00'),
(30, 1, 5, 'La Serena', 0, '0000-00-00 00:00:00', '0000-00-00 00:00:00'),
(31, 1, 5, 'Coquimbo', 0, '0000-00-00 00:00:00', '0000-00-00 00:00:00'),
(32, 1, 5, 'Andacollo', 0, '0000-00-00 00:00:00', '0000-00-00 00:00:00'),
(33, 1, 5, 'La Higuera', 0, '0000-00-00 00:00:00', '0000-00-00 00:00:00'),
(34, 1, 5, 'Paiguano', 0, '0000-00-00 00:00:00', '0000-00-00 00:00:00'),
(35, 1, 5, 'Vicuña', 0, '0000-00-00 00:00:00', '0000-00-00 00:00:00'),
(36, 1, 5, 'Illapel', 0, '0000-00-00 00:00:00', '0000-00-00 00:00:00'),
(37, 1, 5, 'Canela', 0, '0000-00-00 00:00:00', '0000-00-00 00:00:00'),
(38, 1, 5, 'Los Vilos', 0, '0000-00-00 00:00:00', '0000-00-00 00:00:00'),
(39, 1, 5, 'Salamanca', 0, '0000-00-00 00:00:00', '0000-00-00 00:00:00'),
(40, 1, 5, 'Ovalle', 0, '0000-00-00 00:00:00', '0000-00-00 00:00:00'),
(41, 1, 5, 'Combarbalá', 0, '0000-00-00 00:00:00', '0000-00-00 00:00:00'),
(42, 1, 5, 'Monte Patria', 0, '0000-00-00 00:00:00', '0000-00-00 00:00:00'),
(43, 1, 5, 'Punitaqui', 0, '0000-00-00 00:00:00', '0000-00-00 00:00:00'),
(44, 1, 5, 'Rio Hurtado', 0, '0000-00-00 00:00:00', '0000-00-00 00:00:00'),
(45, 1, 6, 'Valparaíso', 0, '0000-00-00 00:00:00', '0000-00-00 00:00:00'),
(46, 1, 6, 'Casablanca', 0, '0000-00-00 00:00:00', '0000-00-00 00:00:00'),
(47, 1, 6, 'Concó', 0, '0000-00-00 00:00:00', '0000-00-00 00:00:00'),
(48, 1, 6, 'Juan Fernandez', 0, '0000-00-00 00:00:00', '0000-00-00 00:00:00'),
(49, 1, 6, 'Puchuncaví', 0, '0000-00-00 00:00:00', '0000-00-00 00:00:00'),
(50, 1, 6, 'Quintero', 0, '0000-00-00 00:00:00', '0000-00-00 00:00:00'),
(51, 1, 6, 'Viña del Mar', 0, '0000-00-00 00:00:00', '0000-00-00 00:00:00'),
(52, 1, 6, 'Isla de Pascua', 0, '0000-00-00 00:00:00', '0000-00-00 00:00:00'),
(53, 1, 6, 'Los Andes', 0, '0000-00-00 00:00:00', '0000-00-00 00:00:00'),
(54, 1, 6, 'Calle Larga', 0, '0000-00-00 00:00:00', '0000-00-00 00:00:00'),
(55, 1, 6, 'Rinconada', 0, '0000-00-00 00:00:00', '0000-00-00 00:00:00'),
(56, 1, 6, 'San Esteba', 0, '0000-00-00 00:00:00', '0000-00-00 00:00:00'),
(57, 1, 6, 'La Ligua', 0, '0000-00-00 00:00:00', '0000-00-00 00:00:00'),
(58, 1, 6, 'Cabildo', 0, '0000-00-00 00:00:00', '0000-00-00 00:00:00'),
(59, 1, 6, 'Papudo', 0, '0000-00-00 00:00:00', '0000-00-00 00:00:00'),
(60, 1, 6, 'Petorca', 0, '0000-00-00 00:00:00', '0000-00-00 00:00:00'),
(61, 1, 6, 'Zapallar', 0, '0000-00-00 00:00:00', '0000-00-00 00:00:00'),
(62, 1, 6, 'Quillota', 0, '0000-00-00 00:00:00', '0000-00-00 00:00:00'),
(63, 1, 6, 'Calera', 0, '0000-00-00 00:00:00', '0000-00-00 00:00:00'),
(64, 1, 6, 'Hijuelas', 0, '0000-00-00 00:00:00', '0000-00-00 00:00:00'),
(65, 1, 6, 'La Cruz', 0, '0000-00-00 00:00:00', '0000-00-00 00:00:00'),
(66, 1, 6, 'Nogales', 0, '0000-00-00 00:00:00', '0000-00-00 00:00:00'),
(67, 1, 6, 'San Antonio', 0, '0000-00-00 00:00:00', '0000-00-00 00:00:00'),
(68, 1, 6, 'Algarrobo', 0, '0000-00-00 00:00:00', '0000-00-00 00:00:00'),
(69, 1, 6, 'Cartagena', 0, '0000-00-00 00:00:00', '0000-00-00 00:00:00'),
(70, 1, 6, 'El Quisco', 0, '0000-00-00 00:00:00', '0000-00-00 00:00:00'),
(71, 1, 6, 'El Tabo', 0, '0000-00-00 00:00:00', '0000-00-00 00:00:00'),
(72, 1, 6, 'Santo Domi', 0, '0000-00-00 00:00:00', '0000-00-00 00:00:00'),
(73, 1, 6, 'San Felipe', 0, '0000-00-00 00:00:00', '0000-00-00 00:00:00'),
(74, 1, 6, 'Catemu', 0, '0000-00-00 00:00:00', '0000-00-00 00:00:00'),
(75, 1, 6, 'Llaillay', 0, '0000-00-00 00:00:00', '0000-00-00 00:00:00'),
(76, 1, 6, 'Panquehue', 0, '0000-00-00 00:00:00', '0000-00-00 00:00:00'),
(77, 1, 6, 'Putaendo', 0, '0000-00-00 00:00:00', '0000-00-00 00:00:00'),
(78, 1, 6, 'Santa María', 0, '0000-00-00 00:00:00', '0000-00-00 00:00:00'),
(79, 1, 6, 'Limache', 0, '0000-00-00 00:00:00', '0000-00-00 00:00:00'),
(80, 1, 6, 'Quilpué', 0, '0000-00-00 00:00:00', '0000-00-00 00:00:00'),
(81, 1, 6, 'Villa Alemana', 0, '0000-00-00 00:00:00', '0000-00-00 00:00:00'),
(82, 1, 6, 'Olmué', 0, '0000-00-00 00:00:00', '0000-00-00 00:00:00'),
(83, 1, 7, 'Rancagua', 0, '0000-00-00 00:00:00', '0000-00-00 00:00:00'),
(84, 1, 7, 'Codegua', 0, '0000-00-00 00:00:00', '0000-00-00 00:00:00'),
(85, 1, 7, 'Coinco', 0, '0000-00-00 00:00:00', '0000-00-00 00:00:00'),
(86, 1, 7, 'Coltauco', 0, '0000-00-00 00:00:00', '0000-00-00 00:00:00'),
(87, 1, 7, 'Doñihue', 0, '0000-00-00 00:00:00', '0000-00-00 00:00:00'),
(88, 1, 7, 'Graneros', 0, '0000-00-00 00:00:00', '0000-00-00 00:00:00'),
(89, 1, 7, 'Las Cabras', 0, '0000-00-00 00:00:00', '0000-00-00 00:00:00'),
(90, 1, 7, 'Machalí', 0, '0000-00-00 00:00:00', '0000-00-00 00:00:00'),
(91, 1, 7, 'Malloa', 0, '0000-00-00 00:00:00', '0000-00-00 00:00:00'),
(92, 1, 7, 'Mostazal', 0, '0000-00-00 00:00:00', '0000-00-00 00:00:00'),
(93, 1, 7, 'Olivar', 0, '0000-00-00 00:00:00', '0000-00-00 00:00:00'),
(94, 1, 7, 'Peumo', 0, '0000-00-00 00:00:00', '0000-00-00 00:00:00'),
(95, 1, 7, 'Pichidegua', 0, '0000-00-00 00:00:00', '0000-00-00 00:00:00'),
(96, 1, 7, 'Quinta de Tilcoco', 0, '0000-00-00 00:00:00', '0000-00-00 00:00:00'),
(97, 1, 7, 'Re', 0, '0000-00-00 00:00:00', '0000-00-00 00:00:00'),
(98, 1, 7, 'Requínoa', 0, '0000-00-00 00:00:00', '0000-00-00 00:00:00'),
(99, 1, 7, 'San Vicente', 0, '0000-00-00 00:00:00', '0000-00-00 00:00:00'),
(100, 1, 7, 'Pichilemu', 0, '0000-00-00 00:00:00', '0000-00-00 00:00:00'),
(101, 1, 7, 'La Estrella', 0, '0000-00-00 00:00:00', '0000-00-00 00:00:00'),
(102, 1, 7, 'Litueche', 0, '0000-00-00 00:00:00', '0000-00-00 00:00:00'),
(103, 1, 7, 'Marchihue', 0, '0000-00-00 00:00:00', '0000-00-00 00:00:00'),
(104, 1, 7, 'Navidad', 0, '0000-00-00 00:00:00', '0000-00-00 00:00:00'),
(105, 1, 7, 'Paredones', 0, '0000-00-00 00:00:00', '0000-00-00 00:00:00'),
(106, 1, 7, 'San Fernando', 0, '0000-00-00 00:00:00', '0000-00-00 00:00:00'),
(107, 1, 7, 'Chépica', 0, '0000-00-00 00:00:00', '0000-00-00 00:00:00'),
(108, 1, 7, 'Chimbaro', 0, '0000-00-00 00:00:00', '0000-00-00 00:00:00'),
(109, 1, 7, 'Lolol', 0, '0000-00-00 00:00:00', '0000-00-00 00:00:00'),
(110, 1, 7, 'Nancagua', 0, '0000-00-00 00:00:00', '0000-00-00 00:00:00'),
(111, 1, 7, 'Palmilla', 0, '0000-00-00 00:00:00', '0000-00-00 00:00:00'),
(112, 1, 7, 'Peralillo', 0, '0000-00-00 00:00:00', '0000-00-00 00:00:00'),
(113, 1, 7, 'Placilla', 0, '0000-00-00 00:00:00', '0000-00-00 00:00:00'),
(114, 1, 7, 'Pumanque', 0, '0000-00-00 00:00:00', '0000-00-00 00:00:00'),
(115, 1, 7, 'Santa Cruz', 0, '0000-00-00 00:00:00', '0000-00-00 00:00:00'),
(116, 1, 8, 'Talca', 0, '0000-00-00 00:00:00', '0000-00-00 00:00:00'),
(117, 1, 8, 'Constitució', 0, '0000-00-00 00:00:00', '0000-00-00 00:00:00'),
(118, 1, 8, 'Curepto', 0, '0000-00-00 00:00:00', '0000-00-00 00:00:00'),
(119, 1, 8, 'Empedrado', 0, '0000-00-00 00:00:00', '0000-00-00 00:00:00'),
(120, 1, 8, 'Maule', 0, '0000-00-00 00:00:00', '0000-00-00 00:00:00'),
(121, 1, 8, 'Pelarco', 0, '0000-00-00 00:00:00', '0000-00-00 00:00:00'),
(122, 1, 8, 'Pencahue', 0, '0000-00-00 00:00:00', '0000-00-00 00:00:00'),
(123, 1, 8, 'Río Claro', 0, '0000-00-00 00:00:00', '0000-00-00 00:00:00'),
(124, 1, 8, 'San Clemente', 0, '0000-00-00 00:00:00', '0000-00-00 00:00:00'),
(125, 1, 8, 'San Rafael', 0, '0000-00-00 00:00:00', '0000-00-00 00:00:00'),
(126, 1, 8, 'Cauquenes', 0, '0000-00-00 00:00:00', '0000-00-00 00:00:00'),
(127, 1, 8, 'Chanco', 0, '0000-00-00 00:00:00', '0000-00-00 00:00:00'),
(128, 1, 8, 'Pelluhue', 0, '0000-00-00 00:00:00', '0000-00-00 00:00:00'),
(129, 1, 8, 'Curicó', 0, '0000-00-00 00:00:00', '0000-00-00 00:00:00'),
(130, 1, 8, 'Hualañé', 0, '0000-00-00 00:00:00', '0000-00-00 00:00:00'),
(131, 1, 8, 'Licanté', 0, '0000-00-00 00:00:00', '0000-00-00 00:00:00'),
(132, 1, 8, 'Molina', 0, '0000-00-00 00:00:00', '0000-00-00 00:00:00'),
(133, 1, 8, 'Rauco', 0, '0000-00-00 00:00:00', '0000-00-00 00:00:00'),
(134, 1, 8, 'Romeral', 0, '0000-00-00 00:00:00', '0000-00-00 00:00:00'),
(135, 1, 8, 'Sagrada Familia', 0, '0000-00-00 00:00:00', '0000-00-00 00:00:00'),
(136, 1, 8, 'Teno', 0, '0000-00-00 00:00:00', '0000-00-00 00:00:00'),
(137, 1, 8, 'Vichuqué', 0, '0000-00-00 00:00:00', '0000-00-00 00:00:00'),
(138, 1, 8, 'Linares', 0, '0000-00-00 00:00:00', '0000-00-00 00:00:00'),
(139, 1, 8, 'Colbú', 0, '0000-00-00 00:00:00', '0000-00-00 00:00:00'),
(140, 1, 8, 'Longaví', 0, '0000-00-00 00:00:00', '0000-00-00 00:00:00'),
(141, 1, 8, 'Parral', 0, '0000-00-00 00:00:00', '0000-00-00 00:00:00'),
(142, 1, 8, 'Retiro', 0, '0000-00-00 00:00:00', '0000-00-00 00:00:00'),
(143, 1, 8, 'San Javier', 0, '0000-00-00 00:00:00', '0000-00-00 00:00:00'),
(144, 1, 8, 'Villa Alegre', 0, '0000-00-00 00:00:00', '0000-00-00 00:00:00'),
(145, 1, 8, 'Yerbas Buenas', 0, '0000-00-00 00:00:00', '0000-00-00 00:00:00'),
(146, 1, 9, 'Concepció', 0, '0000-00-00 00:00:00', '0000-00-00 00:00:00'),
(147, 1, 9, 'Coronel', 0, '0000-00-00 00:00:00', '0000-00-00 00:00:00'),
(148, 1, 9, 'Chiguayante', 0, '0000-00-00 00:00:00', '0000-00-00 00:00:00'),
(149, 1, 9, 'Florida', 0, '0000-00-00 00:00:00', '0000-00-00 00:00:00'),
(150, 1, 9, 'Hualqui', 0, '0000-00-00 00:00:00', '0000-00-00 00:00:00'),
(151, 1, 9, 'Lota', 0, '0000-00-00 00:00:00', '0000-00-00 00:00:00'),
(152, 1, 9, 'Penco', 0, '0000-00-00 00:00:00', '0000-00-00 00:00:00'),
(153, 1, 9, 'San Pedro de la Paz', 0, '0000-00-00 00:00:00', '0000-00-00 00:00:00'),
(154, 1, 9, 'Santa Juana', 0, '0000-00-00 00:00:00', '0000-00-00 00:00:00'),
(155, 1, 9, 'Talcahuano', 0, '0000-00-00 00:00:00', '0000-00-00 00:00:00'),
(156, 1, 9, 'Tomé', 0, '0000-00-00 00:00:00', '0000-00-00 00:00:00'),
(157, 1, 9, 'Hualpé', 0, '0000-00-00 00:00:00', '0000-00-00 00:00:00'),
(158, 1, 9, 'Lebu', 0, '0000-00-00 00:00:00', '0000-00-00 00:00:00'),
(159, 1, 9, 'Arauco', 0, '0000-00-00 00:00:00', '0000-00-00 00:00:00'),
(160, 1, 9, 'Cañete', 0, '0000-00-00 00:00:00', '0000-00-00 00:00:00'),
(161, 1, 9, 'Contulmo', 0, '0000-00-00 00:00:00', '0000-00-00 00:00:00'),
(162, 1, 9, 'Curanilahue', 0, '0000-00-00 00:00:00', '0000-00-00 00:00:00'),
(163, 1, 9, 'Los Alamos', 0, '0000-00-00 00:00:00', '0000-00-00 00:00:00'),
(164, 1, 9, 'Tirúa', 0, '0000-00-00 00:00:00', '0000-00-00 00:00:00'),
(165, 1, 9, 'Los Angeles', 0, '0000-00-00 00:00:00', '0000-00-00 00:00:00'),
(166, 1, 9, 'Antuco', 0, '0000-00-00 00:00:00', '0000-00-00 00:00:00'),
(167, 1, 9, 'Cabrero', 0, '0000-00-00 00:00:00', '0000-00-00 00:00:00'),
(168, 1, 9, 'Laja', 0, '0000-00-00 00:00:00', '0000-00-00 00:00:00'),
(169, 1, 9, 'Mulché', 0, '0000-00-00 00:00:00', '0000-00-00 00:00:00'),
(170, 1, 9, 'Nacimiento', 0, '0000-00-00 00:00:00', '0000-00-00 00:00:00'),
(171, 1, 9, 'Negrete', 0, '0000-00-00 00:00:00', '0000-00-00 00:00:00'),
(172, 1, 9, 'Quilaco', 0, '0000-00-00 00:00:00', '0000-00-00 00:00:00'),
(173, 1, 9, 'Quilleco', 0, '0000-00-00 00:00:00', '0000-00-00 00:00:00'),
(174, 1, 9, 'San Rosendo', 0, '0000-00-00 00:00:00', '0000-00-00 00:00:00'),
(175, 1, 9, 'Santa Bárbara', 0, '0000-00-00 00:00:00', '0000-00-00 00:00:00'),
(176, 1, 9, 'Tucapel', 0, '0000-00-00 00:00:00', '0000-00-00 00:00:00'),
(177, 1, 9, 'Yumbel', 0, '0000-00-00 00:00:00', '0000-00-00 00:00:00'),
(178, 1, 9, 'Alto Biobío', 0, '0000-00-00 00:00:00', '0000-00-00 00:00:00'),
(179, 1, 9, 'Chillá', 0, '0000-00-00 00:00:00', '0000-00-00 00:00:00'),
(180, 1, 9, 'Bulnes', 0, '0000-00-00 00:00:00', '0000-00-00 00:00:00'),
(181, 1, 9, 'Cobquecura', 0, '0000-00-00 00:00:00', '0000-00-00 00:00:00'),
(182, 1, 9, 'Coelemu', 0, '0000-00-00 00:00:00', '0000-00-00 00:00:00'),
(183, 1, 9, 'Coihueco', 0, '0000-00-00 00:00:00', '0000-00-00 00:00:00'),
(184, 1, 9, 'Chillán Viejo', 0, '0000-00-00 00:00:00', '0000-00-00 00:00:00'),
(185, 1, 9, 'El Carme', 0, '0000-00-00 00:00:00', '0000-00-00 00:00:00'),
(186, 1, 9, 'Ninhue', 0, '0000-00-00 00:00:00', '0000-00-00 00:00:00'),
(187, 1, 9, 'Ñiqué', 0, '0000-00-00 00:00:00', '0000-00-00 00:00:00'),
(188, 1, 9, 'Pemuco', 0, '0000-00-00 00:00:00', '0000-00-00 00:00:00'),
(189, 1, 9, 'Pinto', 0, '0000-00-00 00:00:00', '0000-00-00 00:00:00'),
(190, 1, 9, 'Portezuelo', 0, '0000-00-00 00:00:00', '0000-00-00 00:00:00'),
(191, 1, 9, 'Quilló', 0, '0000-00-00 00:00:00', '0000-00-00 00:00:00'),
(192, 1, 9, 'Quirihue', 0, '0000-00-00 00:00:00', '0000-00-00 00:00:00'),
(193, 1, 9, 'Ránquil', 0, '0000-00-00 00:00:00', '0000-00-00 00:00:00'),
(194, 1, 9, 'San Carlos', 0, '0000-00-00 00:00:00', '0000-00-00 00:00:00'),
(195, 1, 9, 'San Fabvia', 0, '0000-00-00 00:00:00', '0000-00-00 00:00:00'),
(196, 1, 9, 'San Ignacio', 0, '0000-00-00 00:00:00', '0000-00-00 00:00:00'),
(197, 1, 9, 'San Nicolas', 0, '0000-00-00 00:00:00', '0000-00-00 00:00:00'),
(198, 1, 9, 'Treguaco', 0, '0000-00-00 00:00:00', '0000-00-00 00:00:00'),
(199, 1, 9, 'Yungay', 0, '0000-00-00 00:00:00', '0000-00-00 00:00:00'),
(200, 1, 10, 'Temuco', 0, '0000-00-00 00:00:00', '0000-00-00 00:00:00'),
(201, 1, 10, 'Carahue', 0, '0000-00-00 00:00:00', '0000-00-00 00:00:00'),
(202, 1, 10, 'Cunco', 0, '0000-00-00 00:00:00', '0000-00-00 00:00:00'),
(203, 1, 10, 'Curarrehue', 0, '0000-00-00 00:00:00', '0000-00-00 00:00:00'),
(204, 1, 10, 'Freire', 0, '0000-00-00 00:00:00', '0000-00-00 00:00:00'),
(205, 1, 10, 'Galvarino', 0, '0000-00-00 00:00:00', '0000-00-00 00:00:00'),
(206, 1, 10, 'rbea', 0, '0000-00-00 00:00:00', '0000-00-00 00:00:00'),
(207, 1, 10, 'Lautaro', 0, '0000-00-00 00:00:00', '0000-00-00 00:00:00'),
(208, 1, 10, 'Loncoche', 0, '0000-00-00 00:00:00', '0000-00-00 00:00:00'),
(209, 1, 10, 'Melipeuco', 0, '0000-00-00 00:00:00', '0000-00-00 00:00:00'),
(210, 1, 10, 'Nueva Imperial', 0, '0000-00-00 00:00:00', '0000-00-00 00:00:00'),
(211, 1, 10, 'Padre Las Casas', 0, '0000-00-00 00:00:00', '0000-00-00 00:00:00'),
(212, 1, 10, 'Perquenco', 0, '0000-00-00 00:00:00', '0000-00-00 00:00:00'),
(213, 1, 10, 'Pitrufqué', 0, '0000-00-00 00:00:00', '0000-00-00 00:00:00'),
(214, 1, 10, 'Pucó', 0, '0000-00-00 00:00:00', '0000-00-00 00:00:00'),
(215, 1, 10, 'Saavedra', 0, '0000-00-00 00:00:00', '0000-00-00 00:00:00'),
(216, 1, 10, 'Teodoro Schmidt', 0, '0000-00-00 00:00:00', '0000-00-00 00:00:00'),
(217, 1, 10, 'Tolté', 0, '0000-00-00 00:00:00', '0000-00-00 00:00:00'),
(218, 1, 10, 'Vilcú', 0, '0000-00-00 00:00:00', '0000-00-00 00:00:00'),
(219, 1, 10, 'Villarrica', 0, '0000-00-00 00:00:00', '0000-00-00 00:00:00'),
(220, 1, 10, 'Cholchol', 0, '0000-00-00 00:00:00', '0000-00-00 00:00:00'),
(221, 1, 10, 'Anl', 0, '0000-00-00 00:00:00', '0000-00-00 00:00:00'),
(222, 1, 10, 'Collipulli', 0, '0000-00-00 00:00:00', '0000-00-00 00:00:00'),
(223, 1, 10, 'Curacautí', 0, '0000-00-00 00:00:00', '0000-00-00 00:00:00'),
(224, 1, 10, 'Ercilla', 0, '0000-00-00 00:00:00', '0000-00-00 00:00:00'),
(225, 1, 10, 'Lonquimay', 0, '0000-00-00 00:00:00', '0000-00-00 00:00:00'),
(226, 1, 10, 'Los Sauces', 0, '0000-00-00 00:00:00', '0000-00-00 00:00:00'),
(227, 1, 10, 'Lumaco', 0, '0000-00-00 00:00:00', '0000-00-00 00:00:00'),
(228, 1, 10, 'Puré', 0, '0000-00-00 00:00:00', '0000-00-00 00:00:00'),
(229, 1, 10, 'Renaico', 0, '0000-00-00 00:00:00', '0000-00-00 00:00:00'),
(230, 1, 10, 'Traigué', 0, '0000-00-00 00:00:00', '0000-00-00 00:00:00'),
(231, 1, 10, 'Victoria', 0, '0000-00-00 00:00:00', '0000-00-00 00:00:00'),
(232, 1, 11, 'Valdivia', 0, '0000-00-00 00:00:00', '0000-00-00 00:00:00'),
(233, 1, 11, 'Corral', 0, '0000-00-00 00:00:00', '0000-00-00 00:00:00'),
(234, 1, 11, 'Lanco', 0, '0000-00-00 00:00:00', '0000-00-00 00:00:00'),
(235, 1, 11, 'Los Las', 0, '0000-00-00 00:00:00', '0000-00-00 00:00:00'),
(236, 1, 11, 'Máfil', 0, '0000-00-00 00:00:00', '0000-00-00 00:00:00'),
(237, 1, 11, 'Mariquina', 0, '0000-00-00 00:00:00', '0000-00-00 00:00:00'),
(238, 1, 11, 'Paillaco', 0, '0000-00-00 00:00:00', '0000-00-00 00:00:00'),
(239, 1, 11, 'Panguipulli', 0, '0000-00-00 00:00:00', '0000-00-00 00:00:00'),
(240, 1, 11, 'La Unió', 0, '0000-00-00 00:00:00', '0000-00-00 00:00:00'),
(241, 1, 11, 'Futrono', 0, '0000-00-00 00:00:00', '0000-00-00 00:00:00'),
(242, 1, 11, 'La Ranco', 0, '0000-00-00 00:00:00', '0000-00-00 00:00:00'),
(243, 1, 11, 'Río Bueno', 0, '0000-00-00 00:00:00', '0000-00-00 00:00:00'),
(244, 1, 12, 'Puerto Montt', 0, '0000-00-00 00:00:00', '0000-00-00 00:00:00'),
(245, 1, 12, 'Calbuco', 0, '0000-00-00 00:00:00', '0000-00-00 00:00:00'),
(246, 1, 12, 'Cochamó', 0, '0000-00-00 00:00:00', '0000-00-00 00:00:00'),
(247, 1, 12, 'Fresia', 0, '0000-00-00 00:00:00', '0000-00-00 00:00:00'),
(248, 1, 12, 'Frutillar', 0, '0000-00-00 00:00:00', '0000-00-00 00:00:00'),
(249, 1, 12, 'Los Muermos', 0, '0000-00-00 00:00:00', '0000-00-00 00:00:00'),
(250, 1, 12, 'Llanquihue', 0, '0000-00-00 00:00:00', '0000-00-00 00:00:00'),
(251, 1, 12, 'Maullí', 0, '0000-00-00 00:00:00', '0000-00-00 00:00:00'),
(252, 1, 12, 'Puerto Varas', 0, '0000-00-00 00:00:00', '0000-00-00 00:00:00'),
(253, 1, 12, 'Castro', 0, '0000-00-00 00:00:00', '0000-00-00 00:00:00'),
(254, 1, 12, 'Ancud', 0, '0000-00-00 00:00:00', '0000-00-00 00:00:00'),
(255, 1, 12, 'Chonchi', 0, '0000-00-00 00:00:00', '0000-00-00 00:00:00'),
(256, 1, 12, 'Curaco de Vélez', 0, '0000-00-00 00:00:00', '0000-00-00 00:00:00'),
(257, 1, 12, 'Dalcahue', 0, '0000-00-00 00:00:00', '0000-00-00 00:00:00'),
(258, 1, 12, 'Puqueldó', 0, '0000-00-00 00:00:00', '0000-00-00 00:00:00'),
(259, 1, 12, 'Queilé', 0, '0000-00-00 00:00:00', '0000-00-00 00:00:00'),
(260, 1, 12, 'Quelló', 0, '0000-00-00 00:00:00', '0000-00-00 00:00:00'),
(261, 1, 12, 'Quemchi', 0, '0000-00-00 00:00:00', '0000-00-00 00:00:00'),
(262, 1, 12, 'Quinchao', 0, '0000-00-00 00:00:00', '0000-00-00 00:00:00'),
(263, 1, 12, 'Osorno', 0, '0000-00-00 00:00:00', '0000-00-00 00:00:00'),
(264, 1, 12, 'Puerto Octay', 0, '0000-00-00 00:00:00', '0000-00-00 00:00:00'),
(265, 1, 12, 'Purranque', 0, '0000-00-00 00:00:00', '0000-00-00 00:00:00'),
(266, 1, 12, 'Puyehue', 0, '0000-00-00 00:00:00', '0000-00-00 00:00:00'),
(267, 1, 12, 'Río Negro', 0, '0000-00-00 00:00:00', '0000-00-00 00:00:00'),
(268, 1, 12, 'San Juan de la Costa', 0, '0000-00-00 00:00:00', '0000-00-00 00:00:00'),
(269, 1, 12, 'San Pablo', 0, '0000-00-00 00:00:00', '0000-00-00 00:00:00'),
(270, 1, 12, 'Chaité', 0, '0000-00-00 00:00:00', '0000-00-00 00:00:00'),
(271, 1, 12, 'Futaleufú', 0, '0000-00-00 00:00:00', '0000-00-00 00:00:00'),
(272, 1, 12, 'Hualaihué', 0, '0000-00-00 00:00:00', '0000-00-00 00:00:00'),
(273, 1, 12, 'Palena', 0, '0000-00-00 00:00:00', '0000-00-00 00:00:00'),
(274, 1, 13, 'Coihaique', 0, '0000-00-00 00:00:00', '0000-00-00 00:00:00'),
(275, 1, 13, 'La Verde', 0, '0000-00-00 00:00:00', '0000-00-00 00:00:00'),
(276, 1, 13, 'Aisé', 0, '0000-00-00 00:00:00', '0000-00-00 00:00:00'),
(277, 1, 13, 'Cisnes', 0, '0000-00-00 00:00:00', '0000-00-00 00:00:00'),
(278, 1, 13, 'Guaitecas', 0, '0000-00-00 00:00:00', '0000-00-00 00:00:00'),
(279, 1, 13, 'Cochrane', 0, '0000-00-00 00:00:00', '0000-00-00 00:00:00'),
(280, 1, 13, 'O\'Higgins', 0, '0000-00-00 00:00:00', '0000-00-00 00:00:00'),
(281, 1, 13, 'Tortel', 0, '0000-00-00 00:00:00', '0000-00-00 00:00:00'),
(282, 1, 13, 'Chile Chico', 0, '0000-00-00 00:00:00', '0000-00-00 00:00:00'),
(283, 1, 13, 'Río Ibáñez', 0, '0000-00-00 00:00:00', '0000-00-00 00:00:00'),
(284, 1, 14, 'Punta Arenas', 0, '0000-00-00 00:00:00', '0000-00-00 00:00:00'),
(285, 1, 14, 'Laguna Blanca', 0, '0000-00-00 00:00:00', '0000-00-00 00:00:00'),
(286, 1, 14, 'Río Verde', 0, '0000-00-00 00:00:00', '0000-00-00 00:00:00'),
(287, 1, 14, 'San Grerio', 0, '0000-00-00 00:00:00', '0000-00-00 00:00:00'),
(288, 1, 14, 'Cabo de Hornos (Ex-Navarino)', 0, '0000-00-00 00:00:00', '0000-00-00 00:00:00'),
(289, 1, 14, 'Antártica', 0, '0000-00-00 00:00:00', '0000-00-00 00:00:00'),
(290, 1, 14, 'Porvenir', 0, '0000-00-00 00:00:00', '0000-00-00 00:00:00'),
(291, 1, 14, 'Primavera', 0, '0000-00-00 00:00:00', '0000-00-00 00:00:00'),
(292, 1, 14, 'Timaukel', 0, '0000-00-00 00:00:00', '0000-00-00 00:00:00'),
(293, 1, 14, 'Natales', 0, '0000-00-00 00:00:00', '0000-00-00 00:00:00'),
(294, 1, 14, 'Torres del Paine', 0, '0000-00-00 00:00:00', '0000-00-00 00:00:00'),
(295, 1, 15, 'Santiago', 1, '0000-00-00 00:00:00', '0000-00-00 00:00:00'),
(296, 1, 15, 'Cerrillos', 0, '0000-00-00 00:00:00', '0000-00-00 00:00:00'),
(297, 1, 15, 'Cerro Navia', 0, '0000-00-00 00:00:00', '0000-00-00 00:00:00'),
(298, 1, 15, 'Conchalí', 0, '0000-00-00 00:00:00', '0000-00-00 00:00:00'),
(299, 1, 15, 'El Bosque', 0, '0000-00-00 00:00:00', '0000-00-00 00:00:00'),
(300, 1, 15, 'Estación Central', 0, '0000-00-00 00:00:00', '0000-00-00 00:00:00'),
(301, 1, 15, 'Huechuraba', 0, '0000-00-00 00:00:00', '0000-00-00 00:00:00'),
(302, 1, 15, 'Independencia', 0, '0000-00-00 00:00:00', '0000-00-00 00:00:00'),
(303, 1, 15, 'La Cisterna', 0, '0000-00-00 00:00:00', '0000-00-00 00:00:00'),
(304, 1, 15, 'La Florida', 0, '0000-00-00 00:00:00', '0000-00-00 00:00:00'),
(305, 1, 15, 'La Granja', 0, '0000-00-00 00:00:00', '0000-00-00 00:00:00'),
(306, 1, 15, 'La Pintana', 0, '0000-00-00 00:00:00', '0000-00-00 00:00:00'),
(307, 1, 15, 'La Reina', 1, '0000-00-00 00:00:00', '0000-00-00 00:00:00'),
(308, 1, 15, 'Las Condes', 1, '0000-00-00 00:00:00', '0000-00-00 00:00:00'),
(309, 1, 15, 'Lo Barnechea', 1, '0000-00-00 00:00:00', '0000-00-00 00:00:00'),
(310, 1, 15, 'Lo Espejo', 0, '0000-00-00 00:00:00', '0000-00-00 00:00:00'),
(311, 1, 15, 'Lo Prado', 0, '0000-00-00 00:00:00', '0000-00-00 00:00:00'),
(312, 1, 15, 'Macul', 0, '0000-00-00 00:00:00', '0000-00-00 00:00:00'),
(313, 1, 15, 'Ñuñoa', 1, '0000-00-00 00:00:00', '0000-00-00 00:00:00'),
(314, 1, 15, 'Pedro Aguirre Cerda', 0, '0000-00-00 00:00:00', '0000-00-00 00:00:00'),
(315, 1, 15, 'Peñalolen', 0, '0000-00-00 00:00:00', '0000-00-00 00:00:00'),
(316, 1, 15, 'Providencia', 1, '0000-00-00 00:00:00', '0000-00-00 00:00:00'),
(317, 1, 15, 'Pudahuel', 0, '0000-00-00 00:00:00', '0000-00-00 00:00:00'),
(318, 1, 15, 'Maipu', 0, '0000-00-00 00:00:00', '0000-00-00 00:00:00'),
(319, 1, 15, 'Quilicura', 0, '0000-00-00 00:00:00', '0000-00-00 00:00:00'),
(320, 1, 15, 'Quinta Normal', 0, '0000-00-00 00:00:00', '0000-00-00 00:00:00'),
(321, 1, 15, 'Recoleta', 0, '0000-00-00 00:00:00', '0000-00-00 00:00:00'),
(322, 1, 15, 'Renca', 0, '0000-00-00 00:00:00', '0000-00-00 00:00:00'),
(323, 1, 15, 'San Joaquín', 0, '0000-00-00 00:00:00', '0000-00-00 00:00:00'),
(324, 1, 15, 'San Miguel', 0, '0000-00-00 00:00:00', '0000-00-00 00:00:00'),
(325, 1, 15, 'San Ramón', 0, '0000-00-00 00:00:00', '0000-00-00 00:00:00'),
(326, 1, 15, 'Vitacura', 1, '0000-00-00 00:00:00', '0000-00-00 00:00:00'),
(327, 1, 15, 'Puente Alto', 0, '0000-00-00 00:00:00', '0000-00-00 00:00:00'),
(328, 1, 15, 'Pirque', 0, '0000-00-00 00:00:00', '0000-00-00 00:00:00'),
(329, 1, 15, 'San José de Maipo', 0, '0000-00-00 00:00:00', '0000-00-00 00:00:00'),
(330, 1, 15, 'Colina', 0, '0000-00-00 00:00:00', '0000-00-00 00:00:00'),
(331, 1, 15, 'Lampa', 0, '0000-00-00 00:00:00', '0000-00-00 00:00:00'),
(332, 1, 15, 'Tiltil', 0, '0000-00-00 00:00:00', '0000-00-00 00:00:00'),
(333, 1, 15, 'San Bernardo', 0, '0000-00-00 00:00:00', '0000-00-00 00:00:00'),
(334, 1, 15, 'Buin', 0, '0000-00-00 00:00:00', '0000-00-00 00:00:00'),
(335, 1, 15, 'Caleta de Tango', 0, '0000-00-00 00:00:00', '0000-00-00 00:00:00'),
(336, 1, 15, 'Paine', 0, '0000-00-00 00:00:00', '0000-00-00 00:00:00'),
(337, 1, 15, 'Melipilla', 0, '0000-00-00 00:00:00', '0000-00-00 00:00:00'),
(338, 1, 15, 'Alhué', 0, '0000-00-00 00:00:00', '0000-00-00 00:00:00'),
(339, 1, 15, 'Curacaví', 0, '0000-00-00 00:00:00', '0000-00-00 00:00:00'),
(340, 1, 15, 'María Pinto', 0, '0000-00-00 00:00:00', '0000-00-00 00:00:00'),
(341, 1, 15, 'San Pedro', 0, '0000-00-00 00:00:00', '0000-00-00 00:00:00'),
(342, 1, 15, 'Talagante', 0, '0000-00-00 00:00:00', '0000-00-00 00:00:00'),
(343, 1, 15, 'El Monte', 0, '0000-00-00 00:00:00', '0000-00-00 00:00:00'),
(344, 1, 15, 'Isla de Maipo', 0, '0000-00-00 00:00:00', '0000-00-00 00:00:00'),
(345, 1, 15, 'Padre Hurtado', 0, '0000-00-00 00:00:00', '0000-00-00 00:00:00'),
(346, 1, 15, 'Peñaflor', 0, '0000-00-00 00:00:00', '0000-00-00 00:00:00');

-- --------------------------------------------------------

--
-- Estructura de tabla para la tabla `companies`
--

CREATE TABLE `companies` (
  `id` int(11) NOT NULL,
  `company_name` varchar(45) NOT NULL,
  `company_description` text,
  `company_logo` varchar(100) DEFAULT NULL,
  `company_keyword` varchar(45) NOT NULL,
  `active` int(11) NOT NULL DEFAULT '1',
  `created` datetime DEFAULT NULL,
  `modified` datetime DEFAULT NULL
) ENGINE=InnoDB DEFAULT CHARSET=utf8;

--
-- Volcado de datos para la tabla `companies`
--

INSERT INTO `companies` (`id`, `company_name`, `company_description`, `company_logo`, `company_keyword`, `active`, `created`, `modified`) VALUES
(1, 'Jumbo', 'Cadena de supermercados administradas por Cencosud LatAm', '4a2484098e25befcfaa95392254778fd1.png', 'jumbo', 1, '2018-04-09 20:41:43', '2018-04-09 20:41:43'),
(2, 'Lider', 'Cadena de supermercados administradas por Walmart Chile', '4a2484098e25befcfaa95392254778fd2.png', 'lider', 1, '2018-04-09 20:41:43', '2018-04-09 20:41:43');

-- --------------------------------------------------------

--
-- Estructura de tabla para la tabla `countries`
--

CREATE TABLE `countries` (
  `id` int(11) NOT NULL,
  `country_name` varchar(45) NOT NULL,
  `country_keyword` varchar(45) NOT NULL,
  `country_iso_code2` varchar(45) NOT NULL,
  `country_iso_code3` varchar(45) NOT NULL,
  `country_flag_path` text,
  `enabled` int(11) NOT NULL,
  `created` datetime DEFAULT NULL,
  `modified` datetime DEFAULT NULL
) ENGINE=InnoDB DEFAULT CHARSET=utf8;

--
-- Volcado de datos para la tabla `countries`
--

INSERT INTO `countries` (`id`, `country_name`, `country_keyword`, `country_iso_code2`, `country_iso_code3`, `country_flag_path`, `enabled`, `created`, `modified`) VALUES
(1, 'Chile', 'chile', 'CL', 'CHL', 'chile.png', 1, '2018-04-10 13:05:02', '2018-04-10 13:05:02');

-- --------------------------------------------------------

--
-- Estructura de tabla para la tabla `groups`
--

CREATE TABLE `groups` (
  `id` int(11) NOT NULL,
  `group_name` varchar(45) NOT NULL,
  `group_description` text,
  `level` int(11) NOT NULL,
  `active` int(11) NOT NULL DEFAULT '1',
  `created` datetime DEFAULT NULL,
  `modified` datetime DEFAULT NULL
) ENGINE=InnoDB DEFAULT CHARSET=utf8;

-- --------------------------------------------------------

--
-- Estructura de tabla para la tabla `groups_permissions`
--

CREATE TABLE `groups_permissions` (
  `id` int(11) NOT NULL,
  `group_id` int(11) NOT NULL,
  `permission_id` int(11) NOT NULL,
  `created` datetime DEFAULT NULL,
  `modified` datetime DEFAULT NULL
) ENGINE=InnoDB DEFAULT CHARSET=utf8;

-- --------------------------------------------------------

--
-- Estructura de tabla para la tabla `locations`
--

CREATE TABLE `locations` (
  `id` int(11) NOT NULL,
  `country_id` int(11) NOT NULL,
  `region_id` int(11) NOT NULL,
  `commune_id` int(11) NOT NULL,
  `street_name` varchar(45) NOT NULL,
  `street_name_2` varchar(45) DEFAULT NULL,
  `street_number` varchar(45) NOT NULL,
  `complement` varchar(45) DEFAULT NULL,
  `latitude` varchar(45) NOT NULL,
  `longitude` varchar(45) NOT NULL,
  `enabled` int(11) NOT NULL,
  `created` datetime DEFAULT NULL,
  `modified` datetime DEFAULT NULL
) ENGINE=InnoDB DEFAULT CHARSET=utf8;

--
-- Volcado de datos para la tabla `locations`
--

INSERT INTO `locations` (`id`, `country_id`, `region_id`, `commune_id`, `street_name`, `street_name_2`, `street_number`, `complement`, `latitude`, `longitude`, `enabled`, `created`, `modified`) VALUES
(1, 1, 15, 308, 'Av. Francisco Bilbao', '', '8750', '', '-33.42818212628808', '-70.54016590118408', 1, '2018-04-11 20:57:51', '2018-04-11 20:57:51'),
(2, 1, 15, 308, 'Avenida Francisco Bilbao', '', '4144', NULL, '-33.4300363', '-70.5787364', 1, '2018-04-13 16:20:58', '2018-04-13 16:20:58'),
(3, 1, 15, 304, 'Avenida Vicuña Mackenna', '', '6100', NULL, '-33.5110776', '-70.6098821', 1, '2018-04-13 17:29:47', '2018-04-13 17:29:47'),
(4, 1, 15, 308, 'Avenida Presidente Kennedy', '', '9001', NULL, '-33.3908715', '-70.5462877', 1, '2018-04-13 17:32:10', '2018-04-13 17:32:10'),
(5, 1, 15, 308, 'Camino El Alba', '', '11969', 'Local 101', '-33.4018761', '-70.5143436', 1, '2018-04-13 17:33:59', '2018-04-13 18:06:26'),
(6, 1, 15, 309, 'Av La Dehesa', '', '1445', NULL, '-33.3575796', '-70.5152664', 1, '2018-04-13 17:36:27', '2018-04-13 17:36:27'),
(7, 1, 15, 318, 'Av. Americo Vespucio', '', '1001', NULL, '-33.4859442', '-70.7514392', 1, '2018-04-13 17:50:01', '2018-04-13 17:50:01'),
(8, 1, 15, 318, 'Av. Los Pajaritos', '', '3302', NULL, '-33.4966198', '-70.7579305', 1, '2018-04-13 17:57:56', '2018-04-13 17:57:56'),
(9, 1, 15, 313, 'Av. José Pedro Alessandri', '', '1166', '', '-33.4653992', '-70.59732689999998', 1, '2018-04-13 17:59:06', '2018-04-13 18:00:50'),
(10, 1, 15, 315, 'Mariano Sánchez Fontecilla', '', '12000', NULL, '-33.4881314', '-70.5567987', 1, '2018-04-13 18:02:26', '2018-04-13 18:02:26'),
(11, 1, 15, 316, 'Av. Andrés Bello', '', '2433', 'Local 1000', '-33.4176261', '-70.6082182', 1, '2018-04-13 18:05:20', '2018-04-13 18:05:44'),
(12, 1, 15, 327, 'Sto Domingo', '', '67', NULL, '-33.6118321', '-70.5766256', 1, '2018-04-13 18:08:26', '2018-04-13 18:08:26'),
(13, 1, 15, 327, 'Av. Concha y Toro', '', '3854', NULL, '-33.5711381', '-70.5847144', 1, '2018-04-13 18:10:14', '2018-04-13 18:10:14'),
(14, 1, 15, 333, 'Av. Portales', '', '3698', NULL, '-33.633671', '-70.7092268', 1, '2018-04-13 18:12:03', '2018-04-13 18:12:03'),
(15, 1, 15, 324, 'Llano Subercaseaux', '', '3519', NULL, '-33.4859744', '-70.6516071', 1, '2018-04-13 18:13:03', '2018-04-13 18:13:03'),
(16, 1, 15, 330, 'Av. Santa María', '', '14601', '', '-33.321028', '-70.646324', 1, '2018-04-13 18:17:02', '2018-04-13 18:17:43');

-- --------------------------------------------------------

--
-- Estructura de tabla para la tabla `logs`
--

CREATE TABLE `logs` (
  `id` int(11) NOT NULL,
  `user_id` int(11) NOT NULL,
  `controller` varchar(45) NOT NULL,
  `action` varchar(45) NOT NULL,
  `params` text,
  `plugin` varchar(45) DEFAULT NULL,
  `ip` varchar(45) DEFAULT NULL,
  `method` varchar(45) DEFAULT NULL,
  `created` datetime DEFAULT NULL,
  `modified` datetime DEFAULT NULL
) ENGINE=InnoDB DEFAULT CHARSET=utf8;

-- --------------------------------------------------------

--
-- Estructura de tabla para la tabla `measurement_units`
--

CREATE TABLE `measurement_units` (
  `id` int(11) NOT NULL,
  `unit_name` varchar(45) NOT NULL,
  `unit_plural_name` varchar(45) NOT NULL,
  `unit_code` varchar(45) NOT NULL,
  `created` datetime DEFAULT NULL,
  `modified` datetime DEFAULT NULL
) ENGINE=InnoDB DEFAULT CHARSET=utf8;

--
-- Volcado de datos para la tabla `measurement_units`
--

INSERT INTO `measurement_units` (`id`, `unit_name`, `unit_plural_name`, `unit_code`, `created`, `modified`) VALUES
(1, 'Litro', 'Litros', 'LT', NULL, NULL),
(2, 'Unidad', 'Unidades', 'UN', NULL, NULL),
(3, 'Metro', 'Metros', 'MT', NULL, NULL);

-- --------------------------------------------------------

--
-- Estructura de tabla para la tabla `permissions`
--

CREATE TABLE `permissions` (
  `id` int(11) NOT NULL,
  `permission_name` varchar(45) NOT NULL,
  `permission_description` text,
  `permission_keyword` varchar(45) NOT NULL,
  `controller` varchar(45) NOT NULL,
  `action` varchar(45) NOT NULL,
  `active` int(11) NOT NULL DEFAULT '1',
  `created` datetime DEFAULT NULL,
  `modified` datetime DEFAULT NULL
) ENGINE=InnoDB DEFAULT CHARSET=utf8;

-- --------------------------------------------------------

--
-- Estructura de tabla para la tabla `phinxlog`
--

CREATE TABLE `phinxlog` (
  `version` bigint(20) NOT NULL,
  `migration_name` varchar(100) DEFAULT NULL,
  `start_time` timestamp NULL DEFAULT NULL,
  `end_time` timestamp NULL DEFAULT NULL,
  `breakpoint` tinyint(1) NOT NULL DEFAULT '0'
) ENGINE=InnoDB DEFAULT CHARSET=utf8;

--
-- Volcado de datos para la tabla `phinxlog`
--

INSERT INTO `phinxlog` (`version`, `migration_name`, `start_time`, `end_time`, `breakpoint`) VALUES
(20180427145141, 'Initial', '2018-04-27 17:51:41', '2018-04-27 17:51:41', 0);

-- --------------------------------------------------------

--
-- Estructura de tabla para la tabla `products`
--

CREATE TABLE `products` (
  `id` int(11) NOT NULL,
  `measurement_unit_id` int(11) DEFAULT NULL,
  `product_name` varchar(100) NOT NULL,
  `product_description` text,
  `stripped` int(11) DEFAULT NULL,
  `ean13` varchar(20) DEFAULT '',
  `ean13_digit` varchar(3) DEFAULT '',
  `bar_type` varchar(45) DEFAULT '',
  `hierarchy` varchar(45) DEFAULT '',
  `last_update` datetime DEFAULT NULL,
  `tax` int(11) DEFAULT NULL,
  `ppums_amount` float DEFAULT NULL,
  `weighable` int(11) DEFAULT NULL,
  `created` datetime DEFAULT NULL,
  `modified` datetime DEFAULT NULL
) ENGINE=InnoDB DEFAULT CHARSET=utf8;

-- --------------------------------------------------------

--
-- Estructura de tabla para la tabla `products_stores`
--

CREATE TABLE `products_stores` (
  `id` int(11) NOT NULL,
  `product_id` int(11) NOT NULL,
  `company_id` int(11) NOT NULL,
  `store_id` int(11) NOT NULL,
  `aisle_id` int(11) DEFAULT NULL,
  `section_id` int(11) NOT NULL,
  `category_id` int(11) NOT NULL,
  `sub_category_id` int(11) NOT NULL,
  `strip_price` varchar(45) DEFAULT NULL,
  `company_update` datetime DEFAULT NULL,
  `company_internal_code` varchar(45) NOT NULL,
  `master_catalog_date` datetime NOT NULL,
  `enabled` int(11) NOT NULL,
  `cataloged` int(11) NOT NULL,
  `stock_up_to_date` int(11) DEFAULT NULL,
  `created` datetime DEFAULT NULL,
  `modified` datetime DEFAULT NULL
) ENGINE=InnoDB DEFAULT CHARSET=utf8;

-- --------------------------------------------------------

--
-- Estructura de tabla para la tabla `regions`
--

CREATE TABLE `regions` (
  `id` int(11) NOT NULL,
  `country_id` int(11) NOT NULL,
  `region_name` varchar(45) NOT NULL,
  `region_number` varchar(45) DEFAULT NULL,
  `region_code` varchar(45) DEFAULT NULL,
  `enabled` int(11) NOT NULL,
  `created` datetime DEFAULT NULL,
  `modified` datetime DEFAULT NULL
) ENGINE=InnoDB DEFAULT CHARSET=utf8;

--
-- Volcado de datos para la tabla `regions`
--

INSERT INTO `regions` (`id`, `country_id`, `region_name`, `region_number`, `region_code`, `enabled`, `created`, `modified`) VALUES
(1, 1, 'Región De Arica y Parinacota', '1', 'XV', 1, '2018-04-10 10:12:21', '2018-04-10 10:12:21'),
(2, 1, 'Región De Tarapaca', '2', 'I', 1, '2018-04-10 10:12:21', '2018-04-10 10:12:21'),
(3, 1, 'Región De Antofagasta', '3', 'II', 1, '2018-04-10 10:12:21', '2018-04-10 10:12:21'),
(4, 1, 'Región De Atacama', '4', 'III', 1, '2018-04-10 10:12:21', '2018-04-10 10:12:21'),
(5, 1, 'Región De Coquimbo', '5', 'IV', 1, '2018-04-10 10:12:21', '2018-04-10 10:12:21'),
(6, 1, 'Región De Valparaiso', '6', 'V', 1, '2018-04-10 10:12:21', '2018-04-10 10:12:21'),
(7, 1, 'Región Del Libertador Bernardo O\'Higgins', '8', 'VI', 1, '2018-04-10 10:12:21', '2018-04-10 10:12:21'),
(8, 1, 'Región Del Maule', '9', 'VII', 1, '2018-04-10 10:12:21', '2018-04-10 10:12:21'),
(9, 1, 'Región Del Biobio', '10', 'VIII', 1, '2018-04-10 10:12:21', '2018-04-10 10:12:21'),
(10, 1, 'Región De La Araucania', '11', 'IX', 1, '2018-04-10 10:12:21', '2018-04-10 10:12:21'),
(11, 1, 'Región De Los Rios', '12', 'XIV', 1, '2018-04-10 10:12:21', '2018-04-10 10:12:21'),
(12, 1, 'Región De Los Lagos', '13', 'X', 1, '2018-04-10 10:12:21', '2018-04-10 10:12:21'),
(13, 1, 'Región De Aisen Del Gral. Carlos Ibanez Del C', '14', 'XI', 1, '2018-04-10 10:12:21', '2018-04-10 10:12:21'),
(14, 1, 'Región De Magallanes y de la Antartica Chilen', '15', 'XII', 1, '2018-04-10 10:12:21', '2018-04-10 10:12:21'),
(15, 1, 'Región Metropolitana', '7', 'XIII', 1, '2018-04-10 10:12:21', '2018-04-10 10:12:21');

-- --------------------------------------------------------

--
-- Estructura de tabla para la tabla `robot_reports`
--

CREATE TABLE `robot_reports` (
  `id` int(11) NOT NULL,
  `report_name` varchar(70) NOT NULL,
  `report_description` text,
  `report_keyword` varchar(70) DEFAULT NULL,
  `report_api_url` varchar(255) DEFAULT NULL,
  `active` int(11) NOT NULL,
  `created` datetime DEFAULT NULL,
  `modified` datetime DEFAULT NULL
) ENGINE=InnoDB DEFAULT CHARSET=utf8;

-- --------------------------------------------------------

--
-- Estructura de tabla para la tabla `sections`
--

CREATE TABLE `sections` (
  `id` int(11) NOT NULL,
  `company_id` int(11) NOT NULL,
  `section_name` varchar(45) NOT NULL,
  `section_code` varchar(45) NOT NULL,
  `created` datetime DEFAULT NULL,
  `modified` datetime DEFAULT NULL
) ENGINE=InnoDB DEFAULT CHARSET=utf8;

--
-- Volcado de datos para la tabla `sections`
--

INSERT INTO `sections` (`id`, `company_id`, `section_name`, `section_code`, `created`, `modified`) VALUES
(1, 1, 'Lácteos', '03', '2018-04-10 13:39:17', '2018-04-10 13:39:17'),
(2, 1, 'Almacén', '07', '2018-04-10 13:39:34', '2018-04-10 13:39:34'),
(3, 1, 'Vinos', '08', '2018-04-10 13:39:52', '2018-04-10 13:39:52'),
(4, 1, 'Galletas y Golosinas', '10', '2018-04-10 13:40:17', '2018-04-10 13:40:17'),
(5, 1, 'Ferreteria', '13', '2018-04-10 13:40:32', '2018-04-10 13:40:32'),
(6, 1, 'Perfumería', '14', '2018-04-10 13:40:45', '2018-04-10 13:40:45'),
(7, 1, 'Limpieza', '18', '2018-04-10 13:40:55', '2018-04-10 13:40:55'),
(8, 1, 'Botillería / Gaseosas', '26', '2018-04-10 13:41:12', '2018-04-10 13:41:12'),
(9, 1, 'Licores', '29', '2018-04-10 13:41:24', '2018-04-10 13:41:24'),
(10, 1, 'Accesorias de Jardín', '53', '2018-04-10 13:41:24', '2018-04-16 16:22:33'),
(11, 1, 'Automotor', '46', '2018-04-16 16:22:33', '2018-04-16 16:22:33'),
(12, 1, 'Cocktail', '11', '2018-04-16 18:05:14', '2018-04-16 18:05:14'),
(13, 1, 'Congelados', '20', '2018-04-16 18:33:29', '2018-04-16 18:33:29'),
(14, 1, 'Farmacia', '21', '2018-04-16 19:03:55', '2018-04-16 19:03:55'),
(15, 1, 'Fiambreria', '02', '2018-04-16 19:42:11', '2018-04-16 19:42:11'),
(16, 1, 'Juguetería', '15', '2018-04-16 20:26:32', '2018-04-16 20:26:32'),
(17, 1, 'Librería', '19', '2018-04-16 20:26:32', '2018-04-16 20:26:32'),
(18, 1, 'Mascotas', '38', '2018-04-16 20:26:32', '2018-04-16 20:26:32'),
(19, 1, 'Organización', '41', '2018-04-16 20:26:32', '2018-04-16 20:26:32'),
(20, 1, 'Panificados', '01', '2018-04-16 20:26:32', '2018-04-16 20:26:32'),
(21, 1, 'Pastas', '17', '2018-04-16 20:26:32', '2018-04-16 20:26:32'),
(22, 1, 'Pastelería', '32', '2018-04-16 20:26:32', '2018-04-16 20:26:32'),
(23, 1, 'Piletas y Parrillas', '24', '2018-04-16 20:26:32', NULL);

-- --------------------------------------------------------

--
-- Estructura de tabla para la tabla `stores`
--

CREATE TABLE `stores` (
  `id` int(11) NOT NULL,
  `company_id` int(11) NOT NULL,
  `location_id` int(11) NOT NULL,
  `store_code` varchar(45) NOT NULL,
  `store_name` varchar(45) NOT NULL,
  `store_address` varchar(150) DEFAULT NULL,
  `active` int(11) NOT NULL,
  `created` datetime DEFAULT NULL,
  `modified` datetime DEFAULT NULL
) ENGINE=InnoDB DEFAULT CHARSET=utf8;

--
-- Volcado de datos para la tabla `stores`
--

INSERT INTO `stores` (`id`, `company_id`, `location_id`, `store_code`, `store_name`, `store_address`, `active`, `created`, `modified`) VALUES
(1, 1, 1, 'J512', 'La Reina', '', 1, '2018-04-11 20:58:52', '2018-04-11 20:58:52'),
(2, 1, 2, 'J501', 'Bilbao', NULL, 1, '2018-04-13 16:20:58', '2018-04-13 16:20:58'),
(3, 1, 3, 'J510', 'La Florida', NULL, 1, '2018-04-13 17:29:47', '2018-04-13 17:29:47'),
(4, 1, 4, 'J502', 'Kennedy', NULL, 1, '2018-04-13 17:32:10', '2018-04-13 17:32:10'),
(5, 1, 5, 'J624', 'Los Dominicos', NULL, 1, '2018-04-13 17:33:59', '2018-04-13 17:33:59'),
(6, 1, 6, 'J514', 'La Dehesa', NULL, 1, '2018-04-13 17:36:27', '2018-04-13 17:36:27'),
(7, 1, 7, 'J503', 'Maipú', NULL, 1, '2018-04-13 17:50:01', '2018-04-13 17:50:01'),
(8, 1, 8, 'J770', 'Pajaritos', NULL, 1, '2018-04-13 17:57:56', '2018-04-13 17:57:56'),
(9, 1, 9, 'J775', 'Ñuñoa', NULL, 1, '2018-04-13 17:59:06', '2018-04-13 17:59:06'),
(10, 1, 10, 'J519', 'Peñalolén', NULL, 1, '2018-04-13 18:02:26', '2018-04-13 18:02:26'),
(11, 1, 11, 'J511', 'Costanera', NULL, 1, '2018-04-13 18:05:20', '2018-04-13 18:05:20'),
(12, 1, 12, 'J613', 'Puente Alto', NULL, 1, '2018-04-13 18:08:26', '2018-04-13 18:08:26'),
(13, 1, 13, 'J659', 'Concha y Toro', NULL, 1, '2018-04-13 18:10:14', '2018-04-13 18:10:14'),
(14, 1, 14, 'J843', 'San Bernardo', NULL, 1, '2018-04-13 18:12:03', '2018-04-13 18:12:03'),
(15, 1, 15, 'J513', 'El Llano', NULL, 1, '2018-04-13 18:13:03', '2018-04-13 18:13:03'),
(16, 1, 16, 'J992', 'Chamisero', NULL, 1, '2018-04-13 18:17:02', '2018-04-13 18:17:02');

-- --------------------------------------------------------

--
-- Estructura de tabla para la tabla `sub_categories`
--

CREATE TABLE `sub_categories` (
  `id` int(11) NOT NULL,
  `category_id` int(11) NOT NULL,
  `company_id` int(11) NOT NULL,
  `sub_category_name` varchar(45) NOT NULL,
  `sub_category_code` varchar(45) DEFAULT NULL,
  `created` datetime DEFAULT NULL,
  `modified` datetime DEFAULT NULL
) ENGINE=InnoDB DEFAULT CHARSET=utf8;

--
-- Volcado de datos para la tabla `sub_categories`
--

INSERT INTO `sub_categories` (`id`, `category_id`, `company_id`, `sub_category_name`, `sub_category_code`, `created`, `modified`) VALUES
(1, 1, 1, 'Leches Especiales', '030101', '2018-04-10 15:35:15', '2018-04-10 15:35:15'),
(2, 1, 1, 'Leche Sin Lactosa', '030102', '2018-04-10 15:38:09', '2018-04-10 15:38:09'),
(3, 1, 1, 'Leche Sabor Familiar Regular', '030103', '2018-04-10 15:38:29', '2018-04-10 15:38:29'),
(4, 1, 1, 'Leche Sabor Familiar Light', '030104', '2018-04-10 15:39:06', '2018-04-10 15:39:06'),
(5, 1, 1, 'Leche Blancas Regular', '030105', '2018-04-10 15:39:27', '2018-04-10 15:39:27'),
(6, 1, 1, 'Leche Funcional', '030106', '2018-04-10 15:39:44', '2018-04-10 15:39:44'),
(7, 1, 1, 'Leche Individual Regular', '030107', '2018-04-10 15:40:06', '2018-04-10 15:40:06'),
(8, 1, 1, 'Leche Individual Light', '030108', '2018-04-10 15:40:26', '2018-04-10 15:40:26'),
(9, 1, 1, 'Leche Adulto', '030109', '2018-04-10 15:40:48', '2018-04-10 15:40:48'),
(10, 2, 1, 'Néctar', '030202', '2018-04-10 15:42:23', '2018-04-10 15:42:23'),
(11, 2, 1, 'Bebida Fantasía', '030203', '2018-04-10 15:42:46', '2018-04-10 15:42:46'),
(12, 2, 1, 'Jugos Frescos', '030204', '2018-04-10 15:43:07', '2018-04-10 15:43:07'),
(13, 2, 1, 'Jugos Botella', '030205', '2018-04-10 15:43:40', '2018-04-10 15:43:40'),
(14, 3, 1, 'Tradicional', '030301', NULL, NULL),
(15, 3, 1, 'Saludables', '030302', NULL, NULL),
(16, 3, 1, 'Grasas / Mantecas', '030303', NULL, NULL),
(17, 3, 1, 'Gourmet', '030304', NULL, NULL),
(18, 4, 1, 'Regular', '030401', NULL, NULL),
(19, 4, 1, 'Light', '030402', NULL, NULL),
(20, 4, 1, 'Funcional', '030403', NULL, NULL),
(21, 5, 1, 'Huevos Codorniz', '030501', NULL, NULL),
(22, 5, 1, 'Huevos Blancos', '030502', NULL, NULL),
(23, 5, 1, 'Huevos Color', '030503', NULL, NULL),
(24, 5, 1, 'Huevos Especiales', '030504', NULL, NULL),
(25, 6, 1, 'Beb. Base Soya', '030601', NULL, NULL),
(26, 6, 1, 'Beb. Base Almendra', '030602', NULL, NULL),
(27, 6, 1, 'Beb. Base Arroz', '030603', NULL, NULL),
(28, 6, 1, 'Beb. Base Avena', '030604', NULL, NULL),
(29, 6, 1, 'Beb. Base Avellana', '030605', NULL, NULL),
(30, 6, 1, 'Beb. Base Coco', '030606', NULL, NULL),
(31, 6, 1, 'Beb. Base Otros Granos', '030607', NULL, NULL),
(32, 7, 1, 'Tradicionales', '030701', NULL, NULL),
(33, 7, 1, 'Light y Funcionales', '030702', NULL, NULL),
(34, 7, 1, 'Premium', '030703', NULL, NULL),
(35, 7, 1, 'Pote Hasta 5L', '030704', NULL, NULL),
(36, 7, 1, 'Multipacks', '030705', NULL, NULL),
(37, 7, 1, 'Bocaditos Helados', '030706', NULL, NULL),
(38, 7, 1, 'Postres Helados', '030707', NULL, NULL),
(39, 7, 1, 'Tortas Heladas', '030708', NULL, NULL),
(40, 7, 1, 'Diet', '030709', NULL, NULL),
(41, 7, 1, 'Individuales', '030711', NULL, NULL),
(42, 7, 1, 'Potes hasta 500cc', '030712', NULL, NULL),
(43, 8, 1, 'Batido Regular', '031001', NULL, NULL),
(44, 8, 1, 'Light', '031002', NULL, NULL),
(45, 8, 1, 'Frutados', '031003', NULL, NULL),
(46, 8, 1, 'Premium', '031004', NULL, NULL),
(47, 8, 1, 'Leche Cultivada Regular', '031005', NULL, NULL),
(48, 8, 1, 'Funcionales', '031006', NULL, NULL),
(49, 8, 1, 'Probioticos', '031008', NULL, NULL),
(50, 8, 1, 'Sin Lactosa', '031009', NULL, NULL),
(51, 8, 1, 'Disponible', '031010', NULL, NULL),
(52, 8, 1, 'Yoghurt Larga Vida', '031014', NULL, NULL),
(53, 8, 1, 'Yoghurt + Cereal', '031015', NULL, NULL),
(54, 8, 1, 'Leche Cultivada Descremada', '031016', NULL, NULL),
(55, 9, 1, 'Quesitos', '031101', NULL, NULL),
(56, 9, 1, 'Postres Especiales', '031102', NULL, NULL),
(57, 9, 1, 'Postres Tradicionales', '031103', NULL, NULL),
(58, 9, 1, 'Mousse', '031104', NULL, NULL),
(59, 10, 1, 'Light y Funcionales', '031201', NULL, NULL),
(60, 10, 1, 'Otras', '031202', NULL, NULL),
(61, 10, 1, 'Entera', '031203', NULL, NULL),
(62, 10, 1, 'Chantilly', '031204', NULL, NULL),
(63, 10, 1, 'Especiales', '031205', NULL, NULL),
(64, 11, 1, 'Tradicional', '031301', NULL, NULL),
(65, 11, 1, 'Light', '031303', NULL, NULL),
(66, 11, 1, 'Gourmet', '031304', NULL, NULL),
(67, 12, 1, 'Fresca', '031501', NULL, NULL),
(68, 13, 1, 'Hielo', '031701', NULL, NULL),
(69, 14, 1, 'Olivas', '070101', NULL, NULL),
(70, 14, 1, 'Comunes', '070102', NULL, NULL),
(71, 14, 1, 'Girasol / Maravilla', '070103', NULL, NULL),
(72, 14, 1, 'Maíz', '070104', NULL, NULL),
(73, 14, 1, 'Mezclas', '070105', NULL, NULL),
(74, 14, 1, 'Especiales (Uva, Maní, Canola)', '070106', NULL, NULL),
(75, 14, 1, 'Spray', '070107', NULL, NULL),
(76, 15, 1, 'Alimentos para Bebés', '070201', NULL, NULL),
(77, 15, 1, 'Fórmulas Bebés y Niños', '070202', NULL, NULL),
(78, 16, 1, 'Avenas', '070301', NULL, NULL),
(79, 16, 1, 'Cereal Para Adultos', '070302', NULL, NULL),
(80, 16, 1, 'Cereal Para Niños', '070303', NULL, NULL),
(81, 16, 1, 'Cereales en Barra', '070304', NULL, NULL),
(82, 17, 1, 'Estuche', '070401', NULL, NULL),
(83, 17, 1, 'G1/00000', '070402', NULL, NULL),
(84, 17, 1, 'G2/0000', '070403', NULL, NULL),
(85, 17, 1, 'G3/000', '070404', NULL, NULL),
(86, 17, 1, 'Precocido', '070405', NULL, NULL),
(87, 17, 1, 'Preparado', '070406', NULL, NULL),
(88, 17, 1, 'Integral', '070407', NULL, NULL),
(89, 17, 1, 'Couscous', '070408', NULL, NULL),
(90, 18, 1, 'Azúcar Blanca', '070501', NULL, NULL),
(91, 18, 1, 'Azúcar Orgánica', '070502', NULL, NULL),
(92, 18, 1, 'Chancaca y Panela', '070503', NULL, NULL),
(93, 18, 1, 'Azucar Especial', '070504', NULL, NULL),
(94, 19, 1, 'Instantáneo', '070601', NULL, NULL),
(95, 19, 1, 'Liofilizado', '070602', NULL, NULL),
(96, 19, 1, 'Grano', '070603', NULL, NULL),
(97, 19, 1, 'Sucedaneo', '070604', NULL, NULL),
(98, 19, 1, 'C/N Sabor', '070605', NULL, NULL),
(99, 19, 1, 'Descafeinados', '070606', NULL, NULL),
(100, 20, 1, 'Atún', '070701', NULL, NULL),
(101, 20, 1, 'Caballa / Jurel', '070702', NULL, NULL),
(102, 20, 1, 'Sardinas', '070703', NULL, NULL),
(103, 20, 1, 'Especiales', '070704', NULL, NULL),
(104, 20, 1, 'Pates de Pescado', '070705', NULL, NULL),
(105, 21, 1, 'Corrientes', '070801', NULL, NULL),
(106, 21, 1, 'Especiales y Pate', '070802', NULL, NULL),
(107, 22, 1, 'Paté y Picadillo', '070901', NULL, NULL),
(108, 22, 1, 'Salchichas en Conserva', '070902', NULL, NULL),
(109, 22, 1, 'Otras Conservas Carne', '070903', NULL, NULL),
(110, 22, 1, 'Otras Conservas Pollo', '070904', NULL, NULL),
(111, 23, 1, 'Al Huevo', '071001', NULL, NULL),
(112, 23, 1, 'Tradicionales', '071002', NULL, NULL),
(113, 23, 1, 'Especiales', '071003', NULL, NULL),
(114, 23, 1, 'Soperos y Sémolas', '071004', NULL, NULL),
(115, 23, 1, 'Preparados', '071005', NULL, NULL),
(116, 23, 1, 'Integrales', '071006', NULL, NULL),
(117, 23, 1, 'Fideos Sin Gluten', '071007', NULL, NULL),
(118, 24, 1, 'Harinas', '071101', NULL, NULL),
(119, 24, 1, 'Especiales', '071102', NULL, NULL),
(120, 24, 1, 'Tostadas', '071103', NULL, NULL),
(121, 24, 1, 'Repostería', '071104', NULL, NULL),
(122, 24, 1, 'Afrechillo', '071105', NULL, NULL),
(123, 24, 1, 'Harinas Premezclas', '071106', NULL, NULL),
(124, 24, 1, 'Otras Harinas', '071107', NULL, NULL),
(125, 25, 1, 'Gelatinas', '071201', NULL, NULL),
(126, 25, 1, 'Flanes y Budines', '071202', NULL, NULL),
(127, 25, 1, 'Mousse', '071203', NULL, NULL),
(128, 25, 1, 'Helados en Polvo', '071204', NULL, NULL),
(129, 25, 1, 'Horneables', '071205', NULL, NULL),
(130, 25, 1, 'Postres Especiales', '071206', NULL, NULL),
(131, 26, 1, 'LEP Bebés y Niños', '071301', NULL, NULL),
(132, 26, 1, 'LEP Familia', '071302', NULL, NULL),
(133, 26, 1, 'LEP Adulto', '071304', NULL, NULL),
(134, 26, 1, 'LEP Grano', '071305', NULL, NULL),
(135, 26, 1, 'Saborizantes de Leche', '071306', NULL, NULL),
(136, 26, 1, 'Fórmulas para Bebés', '071307', NULL, NULL),
(137, 27, 1, 'Arvejas', '071401', NULL, NULL),
(138, 27, 1, 'Garbanzos', '071402', NULL, NULL),
(139, 27, 1, 'Lentejas / Lentejones', '071403', NULL, NULL),
(140, 27, 1, 'Maíz Blanco', '071404', NULL, NULL),
(141, 27, 1, 'Porotos', '071405', NULL, NULL),
(142, 27, 1, 'Trigo, Mote, Chuchoca', '071406', NULL, NULL),
(143, 27, 1, 'Otros', '071407', NULL, NULL),
(144, 28, 1, 'Mermeladas Regular', '071501', NULL, NULL),
(145, 28, 1, 'Mermeladas Light', '071502', NULL, NULL),
(146, 28, 1, 'Miel', '071503', NULL, NULL),
(147, 28, 1, 'Dulce en Lata', '071504', NULL, NULL),
(148, 28, 1, 'Preservantes', '071505', NULL, NULL),
(149, 28, 1, 'Manjar / Crema / Mant. No Láctea', '071506', NULL, NULL),
(150, 29, 1, 'Papa', '071601', NULL, NULL),
(151, 30, 1, 'Sopas', '071701', NULL, NULL),
(152, 30, 1, 'Caldos Concentrados', '071702', NULL, NULL),
(153, 30, 1, 'Salsas Deshidratadas', '071703', NULL, NULL),
(154, 30, 1, 'Cremas', '071704', NULL, NULL),
(155, 30, 1, 'Bases', '071705', NULL, NULL),
(156, 30, 1, 'Preparadas', '071706', NULL, NULL),
(157, 31, 1, 'Ceylan Negro', '071801', NULL, NULL),
(158, 31, 1, 'Saboriz y Especial', '071802', NULL, NULL),
(159, 31, 1, 'Hierbitas', '071803', NULL, NULL),
(160, 31, 1, 'Granel', '071804', NULL, NULL),
(161, 31, 1, 'Instantáneo', '071805', NULL, NULL),
(162, 32, 1, 'Con Palo', '071901', NULL, NULL),
(163, 32, 1, 'Sin Palo', '071902', NULL, NULL),
(164, 32, 1, 'En Saquito', '071903', NULL, NULL),
(165, 32, 1, 'Saborizadas', '071904', NULL, NULL),
(166, 33, 1, 'Gruesa', '072001', NULL, NULL),
(167, 33, 1, 'Fina', '072002', NULL, NULL),
(168, 33, 1, 'Diet', '072003', NULL, NULL),
(169, 33, 1, 'Entre Fina', '072004', NULL, NULL),
(170, 33, 1, 'Aromática', '072005', NULL, NULL),
(171, 34, 1, 'Alcohol', '072101', NULL, NULL),
(172, 34, 1, 'Vino', '072102', NULL, NULL),
(173, 34, 1, 'Manzana', '072103', NULL, NULL),
(174, 34, 1, 'Aromatizados', '072104', NULL, NULL),
(175, 34, 1, 'Acetos', '072105', NULL, NULL),
(176, 34, 1, 'Jugos de Limón', '072106', NULL, NULL),
(177, 35, 1, 'Durazno', '072201', NULL, NULL),
(178, 35, 1, 'Piña', '072202', NULL, NULL),
(179, 35, 1, 'Cocktail de Frutas', '072203', NULL, NULL),
(180, 35, 1, 'Ensaladas de Frutas', '072204', NULL, NULL),
(181, 35, 1, 'Papayas', '072205', NULL, NULL),
(182, 35, 1, 'Otras Frutas', '072206', NULL, NULL),
(183, 35, 1, 'Puré de Frutas', '072207', NULL, NULL),
(184, 35, 1, 'Cups de Frutas', '072208', NULL, NULL),
(185, 35, 1, 'Pouch de Frutas', '072209', NULL, NULL),
(186, 35, 1, 'Conservas de Coco', '072210', NULL, NULL),
(187, 36, 1, 'Arvejas', '072301', NULL, NULL),
(188, 36, 1, 'Champignones', '072302', NULL, NULL),
(189, 36, 1, 'Palmitos', '072303', NULL, NULL),
(190, 36, 1, 'Espárragos', '072304', NULL, NULL),
(191, 36, 1, 'Porotos', '072305', NULL, NULL),
(192, 36, 1, 'Choclos', '072306', NULL, NULL),
(193, 36, 1, 'Jardinería', '072307', NULL, NULL),
(194, 36, 1, 'Morrón', '072308', NULL, NULL),
(195, 36, 1, 'Otros Vegetales', '072310', NULL, NULL),
(196, 37, 1, 'Tomate Natural', '072401', NULL, NULL),
(197, 37, 1, 'Salsa de Tomate', '072402', NULL, NULL),
(198, 37, 1, 'Puré de Tomate', '072403', NULL, NULL),
(199, 37, 1, 'Extracto de Tomate', '072404', NULL, NULL),
(200, 38, 1, 'Platos Preparados', '072501', NULL, NULL),
(201, 39, 1, 'Decoración', '072601', NULL, NULL),
(202, 39, 1, 'Esencias y Salsas Dulces', '072602', NULL, NULL),
(203, 39, 1, 'Polvos para Hornear y Levaduras', '072603', NULL, NULL),
(204, 39, 1, 'Levadura', '072604', NULL, NULL),
(205, 39, 1, 'Maizena', '072605', NULL, NULL),
(206, 39, 1, 'Premezclas', '072606', NULL, NULL),
(207, 40, 1, 'Mexicana', '072701', NULL, NULL),
(208, 40, 1, 'Árabe', '072702', NULL, NULL),
(209, 40, 1, 'China', '072703', NULL, NULL),
(210, 40, 1, 'Japonesa', '072704', NULL, NULL),
(211, 40, 1, 'Varios', '072705', NULL, NULL),
(212, 41, 1, 'Líquidos', '072801', NULL, NULL),
(213, 41, 1, 'Sachet', '072802', NULL, NULL),
(214, 41, 1, 'Tabletas', '072803', NULL, NULL),
(215, 41, 1, 'Granulado', '072804', NULL, NULL),
(216, 42, 1, 'Horneables', '072901', NULL, NULL),
(217, 43, 1, 'Productos Celíacos', '073001', NULL, NULL),
(218, 44, 1, 'Navidad', '073101', NULL, NULL),
(219, 44, 1, 'Otros', '073103', NULL, NULL),
(220, 45, 1, 'Mariscos', '073201', NULL, NULL),
(221, 46, 1, 'Productos Orgánicos', '073301', NULL, NULL),
(222, 47, 1, 'Conservas Crema', '073401', NULL, NULL),
(223, 47, 1, 'Condensadas', '073402', NULL, NULL),
(224, 47, 1, 'Evaoradas', '073403', NULL, NULL),
(225, 48, 1, 'Demisec', '080101', NULL, NULL),
(226, 48, 1, 'Cepas Especiales', '080102', NULL, NULL),
(227, 48, 1, 'Brut', '080103', NULL, NULL),
(228, 48, 1, 'Dulces', '080104', NULL, NULL),
(229, 49, 1, 'Sidras', '080201', NULL, NULL),
(230, 50, 1, 'Cepas Especiales', '080301', NULL, NULL),
(231, 50, 1, 'Chadonnay', '080302', NULL, NULL),
(232, 50, 1, 'Ensamblaje', '080303', NULL, NULL),
(233, 50, 1, 'Late Harvest', '080304', NULL, NULL),
(234, 50, 1, 'Vino Blanco Espumante', '080305', NULL, NULL),
(235, 50, 1, 'Sauvignon Blanc', '080306', NULL, NULL),
(236, 50, 1, 'Blanco', '080307', NULL, NULL),
(237, 51, 1, 'Cabernet Sauvignon', '080401', NULL, NULL),
(238, 51, 1, 'Carmenere', '080402', NULL, NULL),
(239, 51, 1, 'Cepas Especiales', '080404', NULL, NULL),
(240, 51, 1, 'Tinto', '080405', NULL, NULL),
(241, 51, 1, 'Ensamblaje', '080406', NULL, NULL),
(242, 51, 1, 'Malbec', '080407', NULL, NULL),
(243, 51, 1, 'Merlot', '080408', NULL, NULL),
(244, 51, 1, 'Syrah', '080409', NULL, NULL),
(245, 52, 1, 'Cepas Especiales', '080501', NULL, NULL),
(246, 53, 1, 'Vino Añejo', '080601', NULL, NULL),
(247, 54, 1, 'Viñería Exclusiva y Personalizada', '080701', NULL, NULL),
(248, 55, 1, 'Estacional', '080801', NULL, NULL),
(249, 56, 1, 'Importado', '080901', NULL, NULL),
(250, 57, 1, 'Champaña', '081001', NULL, NULL),
(251, 57, 1, 'Vinos Blancos', '081002', NULL, NULL),
(252, 57, 1, 'Vinos Tintos', '081003', NULL, NULL),
(253, 58, 1, 'Galleta de Agua', '100101', NULL, NULL),
(254, 58, 1, 'Soda y Agua', '100102', NULL, NULL),
(255, 58, 1, 'Salvado', '100104', NULL, NULL),
(256, 58, 1, 'Crackers Saladas', '100106', NULL, NULL),
(257, 58, 1, 'Galletas de Arroz', '100107', NULL, NULL),
(258, 59, 1, 'Galletas Sandwich', '100201', NULL, NULL),
(259, 59, 1, 'Galletas Secas', '100202', NULL, NULL),
(260, 59, 1, 'Galletas Obleas', '100203', NULL, NULL),
(261, 59, 1, 'Galletas Surtido', '100204', NULL, NULL),
(262, 59, 1, 'Vainillas / Champagne', '100205', NULL, NULL),
(263, 59, 1, 'Sin Azúcar', '100206', NULL, NULL),
(264, 59, 1, 'Relleno / Bañadas', '100207', NULL, NULL),
(265, 59, 1, 'Galletones', '100208', NULL, NULL),
(266, 59, 1, 'Galletas Mini', '100209', NULL, NULL),
(267, 59, 1, 'Chips', '100210', NULL, NULL),
(268, 59, 1, 'Avena', '100211', NULL, NULL),
(269, 60, 1, 'Tabletas', '100301', NULL, NULL),
(270, 60, 1, 'Sin Azúcar', '100302', NULL, NULL),
(271, 60, 1, 'Repostería', '100303', NULL, NULL),
(272, 60, 1, 'Bañados', '100304', NULL, NULL),
(273, 60, 1, 'Bombones', '100306', NULL, NULL),
(274, 61, 1, 'Alfajores', '100401', NULL, NULL),
(275, 61, 1, 'Otros', '100404', NULL, NULL),
(276, 62, 1, 'Chocolate', '100501', NULL, NULL),
(277, 62, 1, 'Fruta', '100502', NULL, NULL),
(278, 62, 1, 'Surtidos', '100503', NULL, NULL),
(279, 62, 1, 'Bocaditos', '100504', NULL, NULL),
(280, 63, 1, 'Masticables', '100601', NULL, NULL),
(281, 63, 1, 'Duros / Sólidos', '100602', NULL, NULL),
(282, 63, 1, 'Rellenos', '100603', NULL, NULL),
(283, 63, 1, 'Chupetines', '100604', NULL, NULL),
(284, 63, 1, 'Sin Azúcar', '100605', NULL, NULL),
(285, 64, 1, 'Gomitas', '100701', NULL, NULL),
(286, 64, 1, 'Chicles', '100702', NULL, NULL),
(287, 64, 1, 'Malvaviscos', '100704', NULL, NULL),
(288, 65, 1, 'Turrones', '100801', NULL, NULL),
(289, 65, 1, 'Confituras', '100803', NULL, NULL),
(290, 65, 1, 'Figuras Navidad', '100804', NULL, NULL),
(291, 65, 1, 'Chocolates Navidad', '100805', NULL, NULL),
(292, 65, 1, 'Galletas Navidad', '100806', NULL, NULL),
(293, 65, 1, 'Bombones Navidad', '100807', NULL, NULL),
(294, 65, 1, 'Accesorios Navidad', '100809', NULL, NULL),
(295, 66, 1, 'Huevos Chocolate', '100901', NULL, NULL),
(296, 66, 1, 'Huevos de Mazapan', '100902', NULL, NULL),
(297, 66, 1, 'Huevos de Goma', '100903', NULL, NULL),
(298, 66, 1, 'Figuras de Pascua', '100904', NULL, NULL),
(299, 67, 1, 'Chocolates Halloween', '101001', NULL, NULL),
(300, 67, 1, 'Mazapan Halloween', '101002', NULL, NULL),
(301, 67, 1, 'Caramelos Halloween', '101003', NULL, NULL),
(302, 68, 1, 'Barquillos', '101101', NULL, NULL),
(303, 68, 1, 'Cuchufli', '101102', NULL, NULL),
(304, 69, 1, 'Mazapan', '101201', NULL, NULL),
(305, 69, 1, 'Turrones', '101202', NULL, NULL),
(306, 70, 1, 'Bizcochos', '101301', NULL, NULL),
(307, 71, 1, 'Manjar', '101401', NULL, NULL),
(308, 71, 1, 'Calugas', '101402', NULL, NULL),
(309, 72, 1, 'Candy Check Out', '101501', NULL, NULL),
(310, 72, 1, 'Chocolates Check Out', '101502', NULL, NULL),
(311, 72, 1, 'Gums Check Out', '101503', NULL, NULL),
(312, 73, 1, 'Pilas y Baterías', '130101', NULL, NULL),
(313, 73, 1, 'Ampolletas y Tubos', '130102', NULL, NULL),
(314, 73, 1, 'Linternas', '130103', NULL, NULL),
(315, 73, 1, 'Materiales Eléctricos', '130104', NULL, NULL),
(316, 73, 1, 'Iluminación', '130105', NULL, NULL),
(317, 73, 1, 'Seguridad Para El Hogar', '130106', NULL, NULL),
(318, 73, 1, 'Plomería', '130108', NULL, NULL),
(319, 74, 1, 'Soluciones Adhesivas', '130201', NULL, NULL),
(320, 74, 1, 'Pintura', '130202', NULL, NULL),
(321, 74, 1, 'Herrajes y Fijaciones', '130203', NULL, NULL),
(322, 74, 1, 'Plomería', '130204', NULL, NULL),
(323, 74, 1, 'Seguridad Personal', '130205', NULL, NULL),
(324, 75, 1, 'Cajas de Herramientas y Organizadores', '130301', NULL, NULL),
(325, 75, 1, 'Herramientas Manuales', '130302', NULL, NULL),
(326, 75, 1, 'Herramientas Eléctricas', '130303', NULL, NULL),
(327, 75, 1, 'Accesorios de Baño', '130304', NULL, NULL),
(328, 76, 1, 'Peinetas Cabello', '140101', NULL, NULL),
(329, 76, 1, 'Cepillos Cabello', '140102', NULL, NULL),
(330, 76, 1, 'Pinches', '140103', NULL, NULL),
(331, 76, 1, 'Ruletos', '140104', NULL, NULL),
(332, 76, 1, 'Bisutería', '140105', NULL, NULL),
(333, 76, 1, 'Espejos', '140107', NULL, NULL),
(334, 76, 1, 'Accesorios Especificos', '140108', NULL, NULL),
(335, 77, 1, 'Jabones Sólidos', '140201', NULL, NULL),
(336, 77, 1, 'Disponible', '140202', NULL, NULL),
(337, 77, 1, 'Líquidos', '140203', NULL, NULL),
(338, 77, 1, 'Gel - Jabon Ducha', '140204', NULL, NULL),
(339, 77, 1, 'Disponible', '140205', NULL, NULL),
(340, 77, 1, 'Toallas', '140206', NULL, NULL),
(341, 77, 1, 'Jabon Alcohol Gel', '140207', NULL, NULL),
(342, 78, 1, 'Bebé Premium', '140301', NULL, NULL),
(343, 78, 1, 'Bebé Medio', '140302', NULL, NULL),
(344, 78, 1, 'Bebé Específicos', '140303', NULL, NULL),
(345, 78, 1, 'Disponible', '140304', NULL, NULL),
(346, 78, 1, 'Disponible', '140305', NULL, NULL),
(347, 78, 1, 'Bebé Básico', '140306', NULL, NULL),
(348, 78, 1, 'Bebé Básico Economico', '140307', NULL, NULL),
(349, 78, 1, 'Bebé Ultra Premium', '140308', NULL, NULL),
(350, 79, 1, 'Pañuelos Descartables', '140401', NULL, NULL),
(351, 79, 1, 'Toallas Faciales', '140402', NULL, NULL),
(352, 79, 1, 'Bberos / Madudadores Desechables', '140403', NULL, NULL),
(353, 80, 1, 'Algodón', '140501', NULL, NULL),
(354, 80, 1, 'Complementos Dietarios', '140502', NULL, NULL),
(355, 80, 1, 'Alcohol', '140503', NULL, NULL),
(356, 80, 1, 'Desinfectantes', '140504', NULL, NULL),
(357, 80, 1, 'Apositos Autoadhesivos', '140505', NULL, NULL),
(358, 80, 1, 'Gasas', '140506', NULL, NULL),
(359, 80, 1, 'Vendas', '140507', NULL, NULL),
(360, 80, 1, 'Medicamentos', '140509', NULL, NULL),
(361, 80, 1, 'Complementos', '140519', NULL, NULL),
(362, 80, 1, 'Repelentes Corporales Insectos', '140521', NULL, NULL),
(363, 81, 1, 'Desodorantes Pédicos', '140601', NULL, NULL),
(364, 81, 1, 'Plantillas y Apositos', '140602', NULL, NULL),
(365, 81, 1, 'Manicure', '140603', NULL, NULL),
(366, 81, 1, 'P. Pome / Quitadurezas', '140604', NULL, NULL),
(367, 81, 1, 'Quita Esmaltes', '140605', NULL, NULL),
(368, 81, 1, 'Esponjas / Pinceles', '140606', NULL, NULL),
(369, 81, 1, 'Otros', '140608', NULL, NULL),
(370, 82, 1, 'Disponible', '140701', NULL, NULL),
(371, 83, 1, 'Deo Femenino', '140801', NULL, NULL),
(372, 83, 1, 'Deo Masculino', '140802', NULL, NULL),
(373, 83, 1, 'Deo Unisex', '140803', NULL, NULL),
(374, 83, 1, 'Crema', '140804', NULL, NULL),
(375, 83, 1, 'Bolilla / Roll On', '140805', NULL, NULL),
(376, 83, 1, 'Gel', '140806', NULL, NULL),
(377, 84, 1, 'Tampones', '140901', NULL, NULL),
(378, 84, 1, 'Toallas Femeninas', '140902', NULL, NULL),
(379, 84, 1, 'Protectores', '140903', NULL, NULL),
(380, 84, 1, 'Cuidado Intimo', '140904', NULL, NULL),
(381, 85, 1, 'Depilación Femenina', '141001', NULL, NULL),
(382, 85, 1, 'Cuidado Cuerpo', '141002', NULL, NULL),
(383, 85, 1, 'Cuidado Facial', '141003', NULL, NULL),
(384, 85, 1, 'Disponible', '141004', NULL, NULL),
(385, 86, 1, 'Solares F/6 a F/25', '141101', NULL, NULL),
(386, 86, 1, 'Solares F/30 a F/50+70', '141102', NULL, NULL),
(387, 86, 1, 'Aceleradores de Bronceado', '141103', NULL, NULL),
(388, 86, 1, 'Autobronceantes', '141104', NULL, NULL),
(389, 86, 1, 'Post Solares', '141105', NULL, NULL),
(390, 86, 1, 'Protectores Labiales', '141106', NULL, NULL),
(391, 87, 1, 'Perfumes, Lociones, Colonias', '141201', NULL, NULL),
(392, 88, 1, 'Lociones y Colonias', '141301', NULL, NULL),
(393, 88, 1, 'Emulsiones, Aceites y Cremas', '141302', NULL, NULL),
(394, 88, 1, 'Shampoos', '141303', NULL, NULL),
(395, 88, 1, 'Enjuagues / Bálsamo', '141304', NULL, NULL),
(396, 88, 1, 'Mamaderas', '141305', NULL, NULL),
(397, 88, 1, 'Chupetes y Accesorios Chupetes', '141306', NULL, NULL),
(398, 88, 1, 'Escobillas y Limpia Mamaderas', '141307', NULL, NULL),
(399, 88, 1, 'Toallas Húmedas', '141308', NULL, NULL),
(400, 88, 1, 'Accesorios Bebés', '141309', NULL, NULL),
(401, 88, 1, 'Jabones Pastillas / Sólidos', '141310', NULL, NULL),
(402, 88, 1, 'Protect. Mamarios', '141311', NULL, NULL),
(403, 88, 1, 'Cotonitos / Cotonetes', '141312', NULL, NULL),
(404, 88, 1, 'Bberos / Madudadores Desechables', '141313', NULL, NULL),
(405, 88, 1, 'Talcos', '141314', NULL, NULL),
(406, 88, 1, 'Set Regalo', '141315', NULL, NULL),
(407, 88, 1, 'Labiales Infantiles', '141316', NULL, NULL),
(408, 89, 1, 'Crema Dental', '141401', NULL, NULL),
(409, 89, 1, 'Cepillos Dentales', '141402', NULL, NULL),
(410, 89, 1, 'Hilo y Cinta Dental', '141403', NULL, NULL),
(411, 89, 1, 'Enjuagues Bucales', '141404', NULL, NULL),
(412, 89, 1, 'Adhesivos Para Protesis', '141405', NULL, NULL),
(413, 90, 1, 'Brochas / Hisopos Para Afeitar', '141501', NULL, NULL),
(414, 90, 1, 'Máquinas de Afeitar', '141502', NULL, NULL),
(415, 90, 1, 'Repuestos Máquinas de Afeitar', '141503', NULL, NULL),
(416, 90, 1, 'Cremas, Gel, Espumas', '141504', NULL, NULL),
(417, 90, 1, 'Después del Afeitado', '141505', NULL, NULL),
(418, 91, 1, 'Disponible', '141601', NULL, NULL),
(419, 91, 1, 'Disponible', '141602', NULL, NULL),
(420, 91, 1, 'Capilar Belleza', '141609', NULL, NULL),
(421, 91, 1, 'Capilar Básico', '141610', NULL, NULL),
(422, 91, 1, 'Capilar Familiar', '141611', NULL, NULL),
(423, 91, 1, 'Capilar Especifico', '141612', NULL, NULL),
(424, 92, 1, 'Tinturas', '141701', NULL, NULL),
(425, 92, 1, 'Fijadores', '141702', NULL, NULL),
(426, 92, 1, 'Lociones Cabello Tratantes', '141703', NULL, NULL),
(427, 92, 1, 'De-Colorantes', '141704', NULL, NULL),
(428, 93, 1, 'Esponjas e Hisopos', '141801', NULL, NULL),
(429, 93, 1, 'Talcos', '141802', NULL, NULL),
(430, 93, 1, 'Gorras', '141803', NULL, NULL),
(431, 93, 1, 'Cepillos', '141804', NULL, NULL),
(432, 93, 1, 'Bolsas Agua Caliente', '141805', NULL, NULL),
(433, 93, 1, 'Cosmetiqueros', '141806', NULL, NULL),
(434, 93, 1, 'Sales / Espumas / Aceites', '141809', NULL, NULL),
(435, 93, 1, 'Repelentes Corporales Insectos', '141810', NULL, NULL),
(436, 93, 1, 'Pétalos Desmaquillantes', '141811', NULL, NULL),
(437, 94, 1, 'Estuches de Regalo', '141901', NULL, NULL),
(438, 95, 1, 'Depilación Ceras', '142001', NULL, NULL),
(439, 95, 1, 'Depilación Maquinas de Afeitar', '142002', NULL, NULL),
(440, 95, 1, 'Depilación Bandas', '142003', NULL, NULL),
(441, 95, 1, 'Depilación Cremas / Gel / Mousse', '142004', NULL, NULL),
(442, 96, 1, 'Incontingencia', '142101', NULL, NULL),
(443, 96, 1, 'Cuidado Adulto Mayor', '142102', NULL, NULL),
(444, 97, 1, 'Maquillaje Facial', '142201', NULL, NULL),
(445, 97, 1, 'Maquillaje Ojos', '142202', NULL, NULL),
(446, 97, 1, 'Labios', '142203', NULL, NULL),
(447, 97, 1, 'Uñas', '142204', NULL, NULL),
(448, 97, 1, 'Accesorios Maquillaje', '142205', NULL, NULL),
(449, 97, 1, 'Piloto Mundo Belleza', '142206', NULL, NULL),
(450, 98, 1, 'Detergente de Ropa / Máquina', '180101', NULL, NULL),
(451, 98, 1, 'Jabon', '180102', NULL, NULL),
(452, 98, 1, 'Polvo', '180103', NULL, NULL),
(453, 98, 1, 'Líquido', '180104', NULL, NULL),
(454, 98, 1, 'Cápsulas', '180105', NULL, NULL),
(455, 99, 1, 'Suavizantes', '180201', NULL, NULL),
(456, 99, 1, 'Aprestos', '180202', NULL, NULL),
(457, 99, 1, 'Prelavadores', '180203', NULL, NULL),
(458, 99, 1, 'Quitamancha / Blanqueador, Anilina', '180204', NULL, NULL),
(459, 99, 1, 'Instantáneo', '180205', NULL, NULL),
(460, 100, 1, 'Lavavajilla Máquina', '180301', NULL, NULL),
(461, 100, 1, 'Lavavajilla Manual', '180302', NULL, NULL),
(462, 101, 1, 'Esponjas', '180401', NULL, NULL),
(463, 101, 1, 'Fibras Esponjas', '180402', NULL, NULL),
(464, 101, 1, 'Lanas de Acero', '180403', NULL, NULL),
(465, 101, 1, 'Guantes', '180404', NULL, NULL),
(466, 101, 1, 'Virutillas / Virulana', '180405', NULL, NULL),
(467, 101, 1, 'Cepillo /Escobillas', '180406', NULL, NULL),
(468, 102, 1, 'Paños Esponjas', '180501', NULL, NULL),
(469, 102, 1, 'Paños Multiuso / Vidrios / Muebles', '180502', NULL, NULL),
(470, 102, 1, 'Paños de Piso / Traperos', '180503', NULL, NULL),
(471, 103, 1, 'Escobas / Secadores / Mopas', '180601', NULL, NULL),
(472, 103, 1, 'Plumers / Cepillos / Seca Vidrios', '180602', NULL, NULL),
(473, 103, 1, 'Balde / Escurridor / Pala / Sopapa', '180603', NULL, NULL),
(474, 103, 1, 'Cabos', '180604', NULL, NULL),
(475, 104, 1, 'Aromatizadas / Perfumadas', '180701', NULL, NULL),
(476, 104, 1, 'Comunes', '180702', NULL, NULL),
(477, 104, 1, 'Para Ropa', '180703', NULL, NULL),
(478, 105, 1, 'Limpia Alfombras y Tapizados', '180801', NULL, NULL),
(479, 105, 1, 'Limpia Heladeras', '180802', NULL, NULL),
(480, 105, 1, 'Limpia Hornos', '180803', NULL, NULL),
(481, 105, 1, 'Limpiadores Líquidos', '180804', NULL, NULL),
(482, 105, 1, 'Limpiadores Polvos / Cremoso', '180805', NULL, NULL),
(483, 105, 1, 'Limpiadores Cristales y Vidrios', '180806', NULL, NULL),
(484, 105, 1, 'Limpiadores Antigrasa / Cocina', '180807', NULL, NULL),
(485, 105, 1, 'Limpiadores Multiuso', '180808', NULL, NULL),
(486, 105, 1, 'Limpiadores Artefactos Eléctricos', '180809', NULL, NULL),
(487, 106, 1, 'Limpiadores Líquidos', '180901', NULL, NULL),
(488, 106, 1, 'Limpiadores Solidos / Canastas', '180902', NULL, NULL),
(489, 106, 1, 'Destapa Cañerias / Quitasarrod', '180903', NULL, NULL),
(490, 107, 1, 'Cera Lata', '181001', NULL, NULL),
(491, 107, 1, 'Cera Líquida Al Agua', '181002', NULL, NULL),
(492, 107, 1, 'Cera Solventes / Sachet', '181003', NULL, NULL),
(493, 107, 1, 'Virutillas Líquidas / Quita Cera', '181005', NULL, NULL),
(494, 108, 1, 'Escobillas / Aplicadores / Cepillos', '181101', NULL, NULL),
(495, 108, 1, 'Limpiador / Renovador / Protector', '181102', NULL, NULL),
(496, 108, 1, 'Betún / Pomada Líquida', '181103', NULL, NULL),
(497, 108, 1, 'Betún / Pomada Pasta', '181104', NULL, NULL),
(498, 109, 1, 'Lustramuebles', '181201', NULL, NULL),
(499, 109, 1, 'Limpiametaletas', '181202', NULL, NULL),
(500, 110, 1, 'Servilletas de Papel', '181301', NULL, NULL),
(501, 110, 1, 'Papel Higienico', '181302', NULL, NULL),
(502, 110, 1, 'Rollo / Toalla Papel', '181303', NULL, NULL),
(503, 111, 1, 'Instantáneo', '181401', NULL, NULL),
(504, 111, 1, 'Continuo', '181402', NULL, NULL),
(505, 111, 1, 'Desinfectante', '181403', NULL, NULL),
(506, 111, 1, 'Continuo', '181404', NULL, NULL),
(507, 111, 1, 'Continuo', '181405', NULL, NULL),
(508, 112, 1, 'Antipolillas', '181501', NULL, NULL),
(509, 112, 1, 'Matamoscas y Mosquitos - Zancudos', '181502', NULL, NULL),
(510, 112, 1, 'Matacucarachas y Hormigas', '181503', NULL, NULL),
(511, 113, 1, 'Familiar / Pequeñas (Hasta 70 CM)', '181601', NULL, NULL),
(512, 113, 1, 'Consorcio / Grandes', '181602', NULL, NULL),
(513, 113, 1, 'Bolsas Reutilizables', '181603', NULL, NULL),
(514, 114, 1, 'Broches / Pinzas', '181701', NULL, NULL),
(515, 114, 1, 'Fósforos', '181702', NULL, NULL),
(516, 114, 1, 'Velas', '181703', NULL, NULL),
(517, 115, 1, 'Aguas Minerales Con Gas', '260101', NULL, NULL),
(518, 115, 1, 'Aguas Minerales Sin Gas', '260102', NULL, NULL),
(519, 115, 1, 'Aguas Con Sabor', '260103', NULL, NULL),
(520, 115, 1, 'Aguas Purificadas Con Gas', '260104', NULL, NULL),
(521, 115, 1, 'Aguas Purificadas Sin Gas', '260105', NULL, NULL),
(522, 116, 1, 'Bebidas Gaseosas Cola', '260201', NULL, NULL),
(523, 116, 1, 'Bebidas Gaseosas Cola Light', '260202', NULL, NULL),
(524, 116, 1, 'Bebidas Gaseosas Fantasia', '260203', NULL, NULL),
(525, 116, 1, 'Bebidas Gaseosas Fantasia Light', '260204', NULL, NULL),
(526, 117, 1, 'Cervezas Clasicas', '260301', NULL, NULL),
(527, 117, 1, 'Cervezas Importadas', '260302', NULL, NULL),
(528, 117, 1, 'Cervezas Artesanales', '260303', NULL, NULL),
(529, 117, 1, 'Cervezas Clasicas Premium', '260304', NULL, NULL),
(530, 117, 1, 'Cervezas Sin Alcohol', '260307', NULL, NULL),
(531, 118, 1, 'Nectar y Jugos', '260401', NULL, NULL),
(532, 118, 1, 'Nectar y Jugos Light', '260402', NULL, NULL),
(533, 118, 1, 'Jugos Premium', '260403', NULL, NULL),
(534, 118, 1, 'Jugos de Soya Light', '260405', NULL, NULL),
(535, 118, 1, 'Jugos De Soya', '260406', NULL, NULL),
(536, 119, 1, 'Bebidas Energéticas', '260501', NULL, NULL),
(537, 119, 1, 'Disponible', '260503', NULL, NULL),
(538, 120, 1, 'Refrescos Concentrados', '260601', NULL, NULL),
(539, 120, 1, 'Refrescos en Polvo', '260602', NULL, NULL),
(540, 121, 1, 'Complemento Licores', '260701', NULL, NULL),
(541, 122, 1, 'Bebidas Isotónicas', '260801', NULL, NULL),
(542, 123, 1, 'Ice Tea', '260901', NULL, NULL),
(543, 124, 1, 'Cerveza Sin Alcohol', '261001', NULL, NULL),
(544, 125, 1, 'Gin / Ginebra', '290101', NULL, NULL),
(545, 125, 1, 'Cognac', '290103', NULL, NULL),
(546, 125, 1, 'Cachaza', '290107', NULL, NULL),
(547, 125, 1, 'Vermouth', '290109', NULL, NULL),
(548, 125, 1, 'Disponible', '290110', NULL, NULL),
(549, 125, 1, 'Disponible', '290112', NULL, NULL),
(550, 125, 1, 'Bajativos', '290113', NULL, NULL),
(551, 125, 1, 'Brandy', '290114', NULL, NULL),
(552, 125, 1, 'Cóctel', '290115', NULL, NULL),
(553, 125, 1, 'Cremas', '290116', NULL, NULL),
(554, 125, 1, 'Fernet', '290117', NULL, NULL),
(555, 126, 1, 'Whisky Masivo', '290204', NULL, NULL),
(556, 126, 1, 'Whisky Second', '290205', NULL, NULL),
(557, 126, 1, 'Whisky Premium', '290206', NULL, NULL),
(558, 127, 1, 'Cóctel', '290305', NULL, NULL),
(559, 127, 1, 'Colada', '290306', NULL, NULL),
(560, 127, 1, 'Pisco Masivo', '290307', NULL, NULL),
(561, 127, 1, 'Pisco Second', '290308', NULL, NULL),
(562, 127, 1, 'Pisco Premium', '290309', NULL, NULL),
(563, 128, 1, 'Tequila', '290401', NULL, NULL),
(564, 129, 1, 'Vodka Masivo', '290501', NULL, NULL),
(565, 129, 1, 'Vodka Second', '290502', NULL, NULL),
(566, 129, 1, 'Vodka Premium', '290503', NULL, NULL),
(567, 130, 1, 'Estacional', '290601', NULL, NULL),
(568, 131, 1, 'Ron Masivo', '290701', NULL, NULL),
(569, 131, 1, 'Ron Second', '290702', NULL, NULL),
(570, 131, 1, 'Ron Premium', '290703', NULL, NULL),
(571, 132, 1, 'Semillas', '530101', NULL, NULL),
(572, 132, 1, 'Bulbos', '530102', NULL, NULL),
(573, 133, 1, 'Tierras', '530201', NULL, NULL),
(574, 133, 1, 'Fertilizantes Solidos', '530202', NULL, NULL),
(575, 133, 1, 'Fertilizantes Líquidos', '530203', NULL, NULL),
(576, 134, 1, 'Insecticidas Polvo', '530301', NULL, NULL),
(577, 134, 1, 'Insecticidas Aerosol', '530302', NULL, NULL),
(578, 134, 1, 'Insecticidas Líquidos', '530303', NULL, NULL),
(579, 134, 1, 'Insecticidas Tabletas', '530304', NULL, NULL),
(580, 134, 1, 'Acaricidas', '530305', NULL, NULL),
(581, 134, 1, 'Mecánicos y Eléctricos', '530306', NULL, NULL),
(582, 134, 1, 'Raticidas', '530307', NULL, NULL),
(583, 134, 1, 'Funguicidas', '530308', NULL, NULL),
(584, 134, 1, 'Herbicidas', '530309', NULL, NULL),
(585, 134, 1, 'Molusquicidas', '530310', NULL, NULL),
(586, 135, 1, 'Corte', '530401', NULL, NULL),
(587, 135, 1, 'Laboreo', '530402', NULL, NULL),
(588, 135, 1, 'Pulverizadores', '530403', NULL, NULL),
(589, 136, 1, 'Mangueras Por Metro', '530501', NULL, NULL),
(590, 136, 1, 'Mangueras Por Rollo', '530502', NULL, NULL),
(591, 136, 1, 'Mangueras Accesorios Plasticos', '530503', NULL, NULL),
(592, 136, 1, 'Mangueras Accesorios Metálicos', '530504', NULL, NULL),
(593, 136, 1, 'Regaderas', '530506', NULL, NULL),
(594, 137, 1, 'Macetas / Maceteros', '530601', NULL, NULL),
(595, 137, 1, 'Almacigueras', '530602', NULL, NULL),
(596, 137, 1, 'Jardines', '530603', NULL, NULL),
(597, 137, 1, 'Platos', '530604', NULL, NULL),
(598, 137, 1, 'Colgantes', '530605', NULL, NULL),
(599, 138, 1, 'Figuras y Columnas', '530701', NULL, NULL),
(600, 138, 1, 'Tutores', '530702', NULL, NULL),
(601, 138, 1, 'Entramados y Enrejados', '530703', NULL, NULL),
(602, 138, 1, 'Soportes de Maceta', '530704', NULL, NULL),
(603, 138, 1, 'Antorchas y Velas', '530705', NULL, NULL),
(604, 138, 1, 'Fuentes', '530706', NULL, NULL),
(605, 138, 1, 'Decoración', '530707', NULL, NULL),
(606, 138, 1, 'Iluminación de Jardín', '530708', NULL, NULL),
(607, 139, 1, 'Herramientas Eléctricas', '530801', NULL, NULL),
(608, 140, 1, 'Artificiales Flor / Ramo', '530901', NULL, NULL),
(609, 141, 1, 'Cercos', '531001', NULL, NULL),
(610, 141, 1, 'Piso Exterior', '531002', NULL, NULL),
(611, 141, 1, 'Otros', '531004', NULL, NULL),
(612, 151, 1, 'Diesel', '460101', NULL, NULL),
(613, 151, 1, 'Nafta', '460102', NULL, NULL),
(614, 152, 1, 'Aditivos', '460201', NULL, NULL),
(615, 152, 1, 'Agua', '460202', NULL, NULL),
(616, 153, 1, 'Shampoo', '460301', NULL, NULL),
(617, 153, 1, 'Ceras', '460302', NULL, NULL),
(618, 153, 1, 'Desodorantes', '460303', NULL, NULL),
(619, 153, 1, 'Siliconas', '460304', NULL, NULL),
(620, 153, 1, 'Articulos de Aseo', '460305', NULL, NULL),
(621, 154, 1, 'Fundas Para Vehiculos', '460402', NULL, NULL),
(622, 154, 1, 'Cobertores Para Vehiculos', '460404', NULL, NULL),
(623, 155, 1, 'Bajo Mantenimiento', '460501', NULL, NULL),
(624, 156, 1, 'Crique', '460601', NULL, NULL),
(625, 156, 1, 'Auxilio Mecánico', '460602', NULL, NULL),
(626, 157, 1, 'Botiquín', '460702', NULL, NULL),
(627, 157, 1, 'Matafuego', '460703', NULL, NULL),
(628, 157, 1, 'Trabavolantes', '460704', NULL, NULL),
(629, 158, 1, 'Interior', '460801', NULL, NULL),
(630, 158, 1, 'Exterior', '460802', NULL, NULL),
(631, 159, 1, 'Autoesteros', '460901', NULL, NULL),
(632, 160, 1, 'Mayonesas', '110101', NULL, NULL),
(633, 160, 1, 'Ketchup', '110102', NULL, NULL),
(634, 160, 1, 'Mostazas', '110103', NULL, NULL),
(635, 160, 1, 'Aji', '110105', NULL, NULL),
(636, 160, 1, 'Disponible', '110106', NULL, NULL),
(637, 160, 1, 'Salsas', '110107', NULL, NULL),
(638, 161, 1, 'Papas Fritas', '110201', NULL, NULL),
(639, 161, 1, 'Ramitas', '110202', NULL, NULL),
(640, 161, 1, 'Frutos Secos', '110203', NULL, NULL),
(641, 161, 1, 'Extruidos', '110204', NULL, NULL),
(642, 161, 1, 'Snack Mix', '110205', NULL, NULL),
(643, 161, 1, 'Vegetales Snacks', '110206', NULL, NULL),
(644, 161, 1, 'Tortillas', '110207', NULL, NULL),
(645, 161, 1, 'Tostaditas', '110208', NULL, NULL),
(646, 161, 1, 'Cabritas', '110209', NULL, NULL),
(647, 161, 1, 'Otros Snacks', '110210', NULL, NULL),
(648, 161, 1, 'Grissini y Pretzels', '110212', NULL, NULL),
(649, 162, 1, 'Aceitunas', '110301', NULL, NULL),
(650, 162, 1, 'Pepinillos y Chucrut', '110302', NULL, NULL),
(651, 162, 1, 'Encurtidos Otros', '110303', NULL, NULL),
(652, 163, 1, 'Especies', '110401', NULL, NULL),
(653, 163, 1, 'Especies y Condimentos', '110402', NULL, NULL),
(654, 163, 1, 'Salsas En Polvo', '110403', NULL, NULL),
(655, 163, 1, 'Extracto Sabores Surtidos', '110404', NULL, NULL),
(656, 163, 1, 'Semillas y Deshidratados', '110405', NULL, NULL),
(657, 164, 1, 'Complemento Para Deportistas', '110501', NULL, NULL),
(658, 164, 1, 'Complemento Para Dietas', '110502', NULL, NULL),
(659, 165, 1, 'Micro Abarrotes', '110601', NULL, NULL),
(660, 165, 1, 'Micro Desayuno', '110602', NULL, NULL),
(661, 166, 1, 'Micro Cocktail', '110701', NULL, NULL),
(662, 167, 1, 'Micro Galletas', '110801', NULL, NULL),
(663, 168, 1, 'Micro Botillería', '111001', NULL, NULL),
(664, 169, 1, 'Mexicana', '111701', NULL, NULL),
(665, 170, 1, 'Hamburguesas Hasta 75 Grs', '200101', NULL, NULL),
(666, 170, 1, 'Hamburguesas Hasta 90 Grs', '200102', NULL, NULL),
(667, 170, 1, 'Hamburguesas  Hasta 100 Grs', '200103', NULL, NULL),
(668, 170, 1, 'Hamburguesas Más de 100 Grs', '200104', NULL, NULL),
(669, 171, 1, 'Nuggets', '200201', NULL, NULL),
(670, 171, 1, 'Apanados', '200202', NULL, NULL),
(675, 172, 1, 'Churrascos y Lomitos', '200301', NULL, NULL),
(676, 172, 1, 'Carpaccio', '200302', NULL, NULL),
(677, 172, 1, 'Molidas', '200303', NULL, NULL),
(678, 172, 1, 'Otros Elaborados', '200304', NULL, NULL),
(679, 173, 1, 'Hamburguesas Vegetarianas', '200401', NULL, NULL),
(680, 173, 1, 'Nuggets y Apanados Vegetarianos', '200402', NULL, NULL),
(681, 173, 1, 'Embutidos Vegetarianos', '200403', NULL, NULL),
(682, 173, 1, 'Otras Comidas Vegetarianas', '200404', NULL, NULL),
(683, 174, 1, 'Papas Duquesas', '200501', NULL, NULL),
(684, 174, 1, 'Papas Prefritas', '200502', NULL, NULL),
(685, 175, 1, 'Choclo', '200601', NULL, NULL),
(686, 175, 1, 'Arvejas', '200602', NULL, NULL),
(687, 175, 1, 'Porotos Verdes', '200603', NULL, NULL),
(688, 175, 1, 'Hábas', '200604', NULL, NULL),
(689, 175, 1, 'Mixtos', '200605', NULL, NULL),
(690, 175, 1, 'Otras Verduras', '200606', NULL, NULL),
(691, 175, 1, 'Legumbres', '200607', NULL, NULL),
(692, 176, 1, 'Palta', '200701', NULL, NULL),
(693, 176, 1, 'Frutas', '200702', NULL, NULL),
(694, 176, 1, 'Pulpas De Fruta', '200703', NULL, NULL),
(695, 176, 1, 'Bases De Tragos', '200704', NULL, NULL),
(696, 177, 1, 'Desayuno', '200801', NULL, NULL),
(697, 177, 1, 'Cocktail', '200802', NULL, NULL),
(698, 177, 1, 'Pizzas', '200803', NULL, NULL),
(699, 177, 1, 'Platos Preparados', '200804', NULL, NULL),
(700, 177, 1, 'No Usar Otros Articulos Congelados', '200805', NULL, NULL),
(701, 178, 1, 'Accesorios', '210101', NULL, NULL),
(702, 178, 1, 'Algodones', '210103', NULL, NULL),
(703, 179, 1, 'Agente De Diagnostico', '210201', NULL, NULL),
(704, 179, 1, 'Alimentos Generales', '210203', NULL, NULL),
(705, 179, 1, 'Anti Infecciosos', '210204', NULL, NULL),
(706, 179, 1, 'Antineopla Agentinm', '210205', NULL, NULL),
(707, 179, 1, 'Aparato Digestivo', '210206', NULL, NULL),
(708, 179, 1, 'Aparato Cardiovascular', '210207', NULL, NULL),
(709, 179, 1, 'Aparato Locomotor', '210208', NULL, NULL),
(710, 179, 1, 'Aparato Respiratorio', '210209', NULL, NULL),
(711, 179, 1, 'Dermatológicos', '210210', NULL, NULL),
(712, 179, 1, 'Higiene Bucal', '210212', NULL, NULL),
(713, 179, 1, 'Oftalmológicos', '210215', NULL, NULL),
(714, 179, 1, 'Otros Produc. No Terapeuticos', '210217', NULL, NULL),
(715, 179, 1, 'Otros Produc. Terapeuticos', '210218', NULL, NULL),
(716, 179, 1, 'Produc. Genito Urinario', '210219', NULL, NULL),
(717, 179, 1, 'Sangre y Organo Hema', '210220', NULL, NULL),
(718, 179, 1, 'Sistema Nervioso', '210221', NULL, NULL),
(719, 180, 1, 'Alimentos Generales', '210503', NULL, NULL),
(720, 180, 1, 'Anti Infecciosos', '210504', NULL, NULL),
(721, 180, 1, 'Anti Neopla Agentinm', '210505', NULL, NULL),
(722, 180, 1, 'Aparato Digestivo', '210506', NULL, NULL),
(723, 180, 1, 'Aparato Cardiovascular', '210507', NULL, NULL),
(724, 180, 1, 'Aparato Locomotor', '210508', NULL, NULL),
(725, 180, 1, 'Aparato Respiratorio', '210509', NULL, NULL),
(726, 180, 1, 'Dermatológicos', '210510', NULL, NULL),
(727, 180, 1, 'Hormonas', '210512', NULL, NULL),
(728, 180, 1, 'Nutrición', '210513', NULL, NULL),
(729, 180, 1, 'Oftalmológicos', '210514', NULL, NULL),
(730, 180, 1, 'Otológicos', '210515', NULL, NULL),
(731, 180, 1, 'Otros Produc. Terapeuticos', '210517', NULL, NULL),
(732, 180, 1, 'Produc. Genito Urinario', '210518', NULL, NULL),
(733, 180, 1, 'Sangre y Organo Hema', '210519', NULL, NULL),
(734, 180, 1, 'Sistema Nervioso', '210520', NULL, NULL),
(735, 181, 1, 'Anti Infecciosos', '210602', NULL, NULL),
(736, 182, 1, 'Salud', '210901', NULL, NULL),
(737, 182, 1, 'Dermatológicos', '210903', NULL, NULL),
(738, 182, 1, 'Otros Produc. No Terapeuticos', '210904', NULL, NULL),
(739, 182, 1, 'Higiene Bucal', '210905', NULL, NULL),
(740, 182, 1, 'Otros Produc. Terapeuticos', '210906', NULL, NULL),
(741, 183, 1, 'Veterinaria RX', '211001', NULL, NULL),
(742, 184, 1, 'Recetario Magistral', '211101', NULL, NULL),
(743, 185, 1, 'Jamones G1 Cerdo', '020101', NULL, NULL),
(744, 185, 1, 'Jamones G1 Pavo', '020102', NULL, NULL),
(745, 185, 1, 'Jamones G1 Ave', '020103', NULL, NULL),
(746, 186, 1, 'Jamones G2 Cerdo', '020201', NULL, NULL),
(747, 186, 1, 'Jamones G2 Ave', '020202', NULL, NULL),
(748, 187, 1, 'Pechuga Pavo', '020301', NULL, NULL),
(749, 187, 1, 'Pechuga Pollo', '020302', NULL, NULL),
(750, 188, 1, 'Vienesas Cerdo', '020401', NULL, NULL),
(751, 188, 1, 'Vienesas Pavo', '020402', NULL, NULL),
(752, 188, 1, 'Vienesas Pollo', '020403', NULL, NULL),
(753, 188, 1, 'Gordas', '020404', NULL, NULL),
(754, 189, 1, 'Chorizo', '020501', NULL, NULL),
(755, 189, 1, 'Longanizas', '020502', NULL, NULL),
(756, 189, 1, 'Longanicillas', '020503', NULL, NULL),
(757, 189, 1, 'Prietas', '020504', NULL, NULL),
(758, 189, 1, 'Butifarras', '020505', NULL, NULL),
(759, 189, 1, 'Chistorra', '020506', NULL, NULL),
(760, 189, 1, 'Morcillas', '020507', NULL, NULL),
(761, 189, 1, 'Otros Parrilleros', '020508', NULL, NULL),
(762, 189, 1, 'Mixes', '020509', NULL, NULL),
(763, 190, 1, 'Salames Italiano', '020601', NULL, NULL),
(764, 190, 1, 'Salames Ahumado', '020602', NULL, NULL),
(765, 190, 1, 'Otros Salames', '020603', NULL, NULL),
(766, 190, 1, 'Pepperonni', '020604', NULL, NULL),
(767, 191, 1, 'Aceituna Sevillana', '020701', NULL, NULL),
(768, 191, 1, 'Aceituna Azapa', '020702', NULL, NULL),
(769, 191, 1, 'Aceituna Natural', '020703', NULL, NULL),
(770, 191, 1, 'Aceituna Negra', '020704', NULL, NULL),
(771, 191, 1, 'Cebolla', '020705', NULL, NULL),
(772, 191, 1, 'Pepinillo', '020706', NULL, NULL),
(773, 191, 1, 'Pichanga', '020707', NULL, NULL),
(774, 191, 1, 'Chucrut', '020708', NULL, NULL),
(775, 191, 1, 'Salsa Americana', '020709', NULL, NULL),
(776, 191, 1, 'Pickles', '020710', NULL, NULL),
(777, 191, 1, 'Especialidades Encurtidas', '020711', NULL, NULL),
(778, 192, 1, 'Pate Cerdo', '020801', NULL, NULL),
(779, 192, 1, 'Pate Jamon', '020802', NULL, NULL),
(780, 192, 1, 'Pate Ave', '020803', NULL, NULL),
(781, 192, 1, 'Pate Ternera', '020804', NULL, NULL),
(782, 192, 1, 'Pate Campo', '020805', NULL, NULL),
(783, 192, 1, 'Pastas', '020806', NULL, NULL),
(784, 192, 1, 'Especialidades', '020807', NULL, NULL),
(785, 193, 1, 'Jamon Curado', '020901', NULL, NULL),
(786, 193, 1, 'Chorizo / Fuet', '020902', NULL, NULL),
(787, 193, 1, 'Tablas', '020903', NULL, NULL),
(788, 193, 1, 'Salamines', '020904', NULL, NULL),
(789, 194, 1, 'Jamon Sandwich', '021001', NULL, NULL),
(790, 194, 1, 'Queso Cabeza', '021002', NULL, NULL),
(791, 194, 1, 'Jamon Cocido', '021003', NULL, NULL),
(792, 195, 1, 'Arrollado Cerdo', '021101', NULL, NULL),
(793, 195, 1, 'Arrollado Ave', '021102', NULL, NULL),
(794, 196, 1, 'Mortadela Masiva', '021201', NULL, NULL),
(795, 196, 1, 'Mortadela Premium', '021202', NULL, NULL),
(796, 196, 1, 'Salchichon Cervecero', '021203', NULL, NULL),
(797, 196, 1, 'Jamonada', '021204', NULL, NULL),
(798, 196, 1, 'Milanesa', '021205', NULL, NULL),
(799, 196, 1, 'Malaya', '021206', NULL, NULL),
(800, 197, 1, 'Tocino / Panceta', '021301', NULL, NULL),
(801, 197, 1, 'Pernil', '021302', NULL, NULL),
(802, 197, 1, 'Pastrami', '021303', NULL, NULL),
(803, 197, 1, 'Lomos Kassler', '021304', NULL, NULL),
(804, 197, 1, 'Otros Lomos', '021305', NULL, NULL),
(805, 197, 1, 'Costillares', '021306', NULL, NULL),
(806, 197, 1, 'Otras Especialidades', '021307', NULL, NULL),
(807, 197, 1, 'Jamones Especiales', '021308', NULL, NULL),
(808, 197, 1, 'No Usar Fiambreria', '021309', NULL, NULL),
(809, 198, 1, 'No Usar', '150101', NULL, NULL),
(810, 198, 1, 'No Usar', '150103', NULL, NULL),
(811, 199, 1, 'Didácticos', '150201', NULL, NULL),
(812, 199, 1, 'Seguridad Infantil', '150202', NULL, NULL),
(813, 199, 1, 'Mordedores y Sonajeros', '150203', NULL, NULL),
(814, 199, 1, 'Móbiles y Gimnacios', '150204', NULL, NULL),
(815, 199, 1, 'Juguetes', '150205', NULL, NULL),
(816, 199, 1, 'No Usar', '150206', NULL, NULL),
(817, 199, 1, 'No Usar', '150207', NULL, NULL),
(818, 199, 1, 'No Usar', '150208', NULL, NULL),
(819, 199, 1, 'No Usar', '150211', NULL, NULL),
(820, 200, 1, 'Autos', '150301', NULL, NULL),
(821, 200, 1, 'Otros Vehiculos', '150302', NULL, NULL),
(822, 200, 1, 'Figuras', '150303', NULL, NULL),
(823, 200, 1, 'Juegos de Construcción', '150304', NULL, NULL),
(824, 200, 1, 'Sets De Juego Niño', '150305', NULL, NULL),
(825, 200, 1, 'Sets De Juego', '150306', NULL, NULL),
(826, 200, 1, 'No Usar', '150308', NULL, NULL),
(827, 200, 1, 'No Usar', '150309', NULL, NULL),
(828, 200, 1, 'No Usar', '150310', NULL, NULL),
(829, 200, 1, 'No Usar', '150311', NULL, NULL),
(830, 200, 1, 'No Usar', '150313', NULL, NULL),
(831, 200, 1, 'No Usar', '150317', NULL, NULL),
(832, 200, 1, 'Bolitas', '150318', NULL, NULL),
(833, 201, 1, 'Muñecas', '150401', NULL, NULL),
(834, 201, 1, 'Sets De Juego Niña', '150402', NULL, NULL),
(835, 201, 1, 'Figuras De Colección', '150403', NULL, NULL),
(836, 202, 1, 'Pintura y Masas', '150501', NULL, NULL),
(837, 202, 1, 'Rodados', '150502', NULL, NULL),
(838, 202, 1, 'Juegos De Salon', '150503', NULL, NULL),
(839, 202, 1, 'Peluches', '150504', NULL, NULL),
(840, 202, 1, 'Disfraces', '150505', NULL, NULL),
(841, 202, 1, 'Vacaciones', '150506', NULL, NULL),
(842, 202, 1, 'Carpas', '150507', NULL, NULL),
(843, 202, 1, 'Sets De Juego', '150508', NULL, NULL),
(844, 202, 1, 'Instrumentos Musicales', '150509', NULL, NULL),
(845, 202, 1, 'Pelotas', '150510', NULL, NULL),
(846, 202, 1, 'Animales e Insectos', '150511', NULL, NULL),
(847, 202, 1, 'Didácticos', '150512', NULL, NULL),
(848, 202, 1, 'No Usar', '150513', NULL, NULL),
(849, 202, 1, 'No Usar', '150514', NULL, NULL),
(850, 202, 1, 'No Usar', '150515', NULL, NULL),
(851, 202, 1, 'No Usar', '150516', NULL, NULL),
(852, 202, 1, 'No Usar', '150517', NULL, NULL),
(853, 202, 1, 'No Usar', '150518', NULL, NULL),
(854, 202, 1, 'No Usar', '150520', NULL, NULL),
(855, 202, 1, 'No Usar', '150521', NULL, NULL),
(856, 202, 1, 'No Usar', '150522', NULL, NULL),
(857, 202, 1, 'Accesorios De Mesa', '150523', NULL, NULL),
(858, 203, 1, 'No Usar', '150601', NULL, NULL),
(859, 204, 1, 'No Usar', '150701', NULL, NULL),
(860, 204, 1, 'No Usar', '150702', NULL, NULL),
(861, 205, 1, 'Bandejas', '150801', NULL, NULL),
(862, 205, 1, 'Bolsas y Tarjetas de Invitación', '150802', NULL, NULL),
(863, 205, 1, 'Decoración', '150803', NULL, NULL),
(864, 205, 1, 'Globos', '150804', NULL, NULL),
(865, 205, 1, 'No Usar', '150805', NULL, NULL),
(866, 205, 1, 'Manteles y Servilletas', '150806', NULL, NULL),
(867, 205, 1, 'No Usar', '150807', NULL, NULL),
(868, 205, 1, 'Platos y Pocillos', '150808', NULL, NULL),
(869, 205, 1, 'Piñatas', '150809', NULL, NULL),
(870, 205, 1, 'No Usar', '150810', NULL, NULL),
(871, 205, 1, 'No Usar', '150811', NULL, NULL),
(872, 205, 1, 'No Usar', '150812', NULL, NULL),
(873, 205, 1, 'Sorpresas', '150813', NULL, NULL),
(874, 205, 1, 'No Usar', '150814', NULL, NULL),
(875, 205, 1, 'Vasos y Copas', '150815', NULL, NULL),
(876, 205, 1, 'Velas', '150816', NULL, NULL),
(877, 205, 1, 'No Usar', '150817', NULL, NULL),
(878, 205, 1, 'Cubiertos', '150818', NULL, NULL),
(879, 205, 1, 'No Usar', '150819', NULL, NULL),
(880, 205, 1, 'No Usar', '150820', NULL, NULL),
(881, 206, 1, 'No Usar', '150902', NULL, NULL),
(882, 207, 1, 'Día De Los Enamorados', '151001', NULL, NULL),
(883, 207, 1, 'Día De La Madre', '151002', NULL, NULL),
(884, 207, 1, 'Día Del Padre', '151003', NULL, NULL),
(885, 207, 1, 'Semana Santa', '151004', NULL, NULL),
(886, 207, 1, 'Fiestas Pátrias', '151005', NULL, NULL),
(887, 207, 1, 'Halloween', '151006', NULL, NULL),
(888, 207, 1, 'Carnaval', '151007', NULL, NULL),
(889, 207, 1, 'Eventos Deportivos', '151008', NULL, NULL),
(890, 207, 1, 'Navidad', '151009', NULL, NULL),
(891, 207, 1, 'Disfraces Todo Año', '151010', NULL, NULL),
(892, 207, 1, 'Guerra De Agua', '151011', NULL, NULL),
(893, 208, 1, 'Disponible', '151101', NULL, NULL),
(894, 208, 1, 'Disponible', '151102', NULL, NULL),
(895, 208, 1, 'Disponible', '151103', NULL, NULL),
(896, 208, 1, 'Disponible', '151104', NULL, NULL),
(897, 208, 1, 'Disponible', '151105', NULL, NULL),
(898, 208, 1, 'Disponible', '151106', NULL, NULL),
(899, 208, 1, 'Disponible', '151107', NULL, NULL),
(900, 208, 1, 'Disponible', '151108', NULL, NULL),
(901, 208, 1, 'Disponible', '151109', NULL, NULL),
(902, 208, 1, 'Disponible', '151110', NULL, NULL),
(903, 208, 1, 'Disponible', '151111', NULL, NULL),
(904, 208, 1, 'Disponible', '151112', NULL, NULL),
(905, 208, 1, 'No Usar', '151113', NULL, NULL),
(906, 208, 1, 'No Usar', '151115', NULL, NULL),
(907, 209, 1, 'Cuadernos Corcheteados', '190101', NULL, NULL),
(908, 209, 1, 'Cuadernos Universitarios', '190102', NULL, NULL),
(909, 209, 1, 'Cuadernos Especiales', '190103', NULL, NULL),
(910, 209, 1, 'Cuaderno Caligrafía', '190104', NULL, NULL),
(911, 209, 1, 'Block Apuntes / Libreta', '190105', NULL, NULL),
(912, 210, 1, 'Papelería Oficina', '190201', NULL, NULL),
(913, 210, 1, 'Resmas', '190202', NULL, NULL),
(914, 210, 1, 'Block', '190203', NULL, NULL),
(915, 210, 1, 'Papel Manualidad', '190204', NULL, NULL),
(916, 210, 1, 'Libretas', '190205', NULL, NULL),
(917, 211, 1, 'Archivadores', '190301', NULL, NULL),
(918, 211, 1, 'Carpetas', '190302', NULL, NULL),
(919, 211, 1, 'Fundas', '190303', NULL, NULL),
(920, 211, 1, 'Accesorios de Librería', '190304', NULL, NULL),
(921, 212, 1, 'Textos Escolares', '190401', NULL, NULL),
(922, 212, 1, 'Atlas / Mapas', '190402', NULL, NULL),
(923, 212, 1, 'Diccionario y Enciclopédia', '190403', NULL, NULL),
(924, 212, 1, 'Libro Adulto', '190404', NULL, NULL),
(925, 212, 1, 'Libros Infantil', '190405', NULL, NULL),
(926, 212, 1, 'Diarios y Revistas', '190406', NULL, NULL),
(927, 212, 1, 'Album y Láminas', '190407', NULL, NULL),
(928, 213, 1, 'Bolígrafos / Pasta', '190501', NULL, NULL),
(929, 213, 1, 'Rollers', '190502', NULL, NULL),
(930, 213, 1, 'Lapiceras / Plumas', '190503', NULL, NULL),
(931, 213, 1, 'Set Combinados Escritura', '190504', NULL, NULL),
(932, 213, 1, 'Tintas Frascos / Repuesto Tinta', '190505', NULL, NULL),
(933, 213, 1, 'Plumon / Marcador', '190506', NULL, NULL),
(934, 213, 1, 'Destacadores', '190507', NULL, NULL),
(935, 213, 1, 'Lápices', '190508', NULL, NULL),
(936, 213, 1, 'Correctores de Escritura', '190509', NULL, NULL),
(937, 213, 1, 'Artículos Para Pintura', '190510', NULL, NULL),
(938, 213, 1, 'Accesorios Para Dibujo', '190511', NULL, NULL),
(939, 214, 1, 'Estuches', '190601', NULL, NULL),
(940, 214, 1, 'Mochilas', '190602', NULL, NULL),
(941, 214, 1, 'Loncheras', '190603', NULL, NULL),
(942, 214, 1, 'Accesorios', '190604', NULL, NULL),
(943, 215, 1, 'Trabajos Manuales - Maquetería', '190701', NULL, NULL),
(944, 215, 1, 'Pegamentos', '190702', NULL, NULL),
(945, 215, 1, 'Cortantes', '190703', NULL, NULL),
(946, 216, 1, 'Envoltorios', '190801', NULL, NULL),
(947, 216, 1, 'Stationary', '190802', NULL, NULL),
(948, 216, 1, 'Agendas', '190804', NULL, NULL),
(949, 216, 1, 'Album y Láminas', '190805', NULL, NULL),
(950, 216, 1, 'Diarios y Revistas', '190806', NULL, NULL),
(951, 226, 1, 'Alimentos Para Perro Seco', '380101', NULL, NULL),
(952, 226, 1, 'Alimentos Para Perro Humedos', '380102', NULL, NULL);
INSERT INTO `sub_categories` (`id`, `category_id`, `company_id`, `sub_category_name`, `sub_category_code`, `created`, `modified`) VALUES
(953, 226, 1, 'Alimentos Para Perros Complementarios', '380103', NULL, NULL),
(954, 227, 1, 'Alimento Para Gato Seco', '380201', NULL, NULL),
(955, 227, 1, 'Alimento Para Gato Humedo', '380202', NULL, NULL),
(956, 227, 1, 'Alimento Para Gato Snack / Suplemento', '380203', NULL, NULL),
(957, 228, 1, 'Alimentos Mascotas Menores', '380301', NULL, NULL),
(958, 229, 1, 'Animales Acuáticos', '380401', NULL, NULL),
(959, 230, 1, 'Accesorio Perro / Gato', '380501', NULL, NULL),
(960, 230, 1, 'Accesorios Mascotas Menores', '380502', NULL, NULL),
(961, 230, 1, 'Accesorios Animales Menores', '380503', NULL, NULL),
(962, 230, 1, 'Aseo Perros y Gatos', '380504', NULL, NULL),
(963, 230, 1, 'Huesos Para Perro', '380505', NULL, NULL),
(964, 231, 1, 'Snacks Perro', '380601', NULL, NULL),
(965, 231, 1, 'Humedo Perro', '380602', NULL, NULL),
(966, 231, 1, 'Seco Cachorro', '380603', NULL, NULL),
(967, 231, 1, 'Seco Razas Pequeñas', '380604', NULL, NULL),
(968, 231, 1, 'Perro Seco Senior', '380605', NULL, NULL),
(969, 231, 1, 'Perro Seco Adulto', '380606', NULL, NULL),
(970, 231, 1, 'Perro Seco Light', '380607', NULL, NULL),
(971, 231, 1, 'Huesos', '380608', NULL, NULL),
(972, 232, 1, 'Snack Gato', '380701', NULL, NULL),
(973, 232, 1, 'Alimento Humedo Gato', '380702', NULL, NULL),
(974, 232, 1, 'Seco Gatito', '380703', NULL, NULL),
(975, 232, 1, 'Seco Gato Adulto', '380704', NULL, NULL),
(976, 232, 1, 'Seco Gato Especial', '380705', NULL, NULL),
(977, 232, 1, 'Arenas Sanitarias', '380706', NULL, NULL),
(978, 233, 1, 'Alimento Para Aves', '380801', NULL, NULL),
(979, 233, 1, 'Alimentos Para Peces y Tortugas', '380802', NULL, NULL),
(980, 233, 1, 'Alimento Para Roedores', '380803', NULL, NULL),
(981, 233, 1, 'Accesorios Otras Mascotas', '380804', NULL, NULL),
(982, 234, 1, 'Acaricidas', '380901', NULL, NULL),
(983, 234, 1, 'Ropa', '380902', NULL, NULL),
(984, 234, 1, 'Juguetes', '380903', NULL, NULL),
(985, 234, 1, 'Camas y Colchones', '380904', NULL, NULL),
(986, 234, 1, 'Collar Trailla Arna', '380905', NULL, NULL),
(987, 234, 1, 'Articulos de Aseo', '380906', NULL, NULL),
(988, 234, 1, 'Jaulas y Bolsos', '380907', NULL, NULL),
(989, 234, 1, 'Platos', '380908', NULL, NULL),
(990, 234, 1, 'Casas', '380909', NULL, NULL),
(991, 240, 1, 'Cubiertos y Cuchillería', '410101', NULL, NULL),
(992, 240, 1, 'Accesorios Para La Mesa', '410102', NULL, NULL),
(993, 240, 1, 'Cocktail', '410103', NULL, NULL),
(994, 240, 1, 'Vajilla Granel', '410104', NULL, NULL),
(995, 240, 1, 'Vajilla Set', '410105', NULL, NULL),
(996, 240, 1, 'Vasos y Copas Granel', '410106', NULL, NULL),
(997, 240, 1, 'Vasos y Copas Set', '410107', NULL, NULL),
(998, 240, 1, 'Jarros / Botellones', '410108', NULL, NULL),
(999, 240, 1, 'Bar', '410109', NULL, NULL),
(1000, 240, 1, 'Café y Té', '410110', NULL, NULL),
(1001, 240, 1, 'Terraza', '410111', NULL, NULL),
(1002, 241, 1, 'Individuales', '410201', NULL, NULL),
(1003, 241, 1, 'Manteles y Protectores', '410202', NULL, NULL),
(1004, 241, 1, 'Caminos de Mesa y Servilletas', '410203', NULL, NULL),
(1005, 242, 1, 'Menaje Colección', '410301', NULL, NULL),
(1006, 242, 1, 'Textil Colección', '410302', NULL, NULL),
(1007, 243, 1, 'Disponible', '410402', NULL, NULL),
(1008, 244, 1, 'Disponible', '410601', NULL, NULL),
(1009, 244, 1, 'Disponible', '410604', NULL, NULL),
(1010, 244, 1, 'Disponible', '410605', NULL, NULL),
(1011, 245, 1, 'Moldes', '010101', NULL, NULL),
(1012, 245, 1, 'Cocktail', '010102', NULL, NULL),
(1013, 245, 1, 'Importados', '010103', NULL, NULL),
(1014, 245, 1, 'Fast Food', '010104', NULL, NULL),
(1015, 245, 1, 'Pitas', '010105', NULL, NULL),
(1016, 245, 1, 'Otros Envasados', '010106', NULL, NULL),
(1017, 246, 1, 'Galletas a Granel', '010206', NULL, NULL),
(1018, 246, 1, 'Pasteles', '010208', NULL, NULL),
(1019, 246, 1, 'Bases Para Tortas / Kuchen', '010210', NULL, NULL),
(1020, 247, 1, 'Harinas', '170101', NULL, NULL),
(1021, 247, 1, 'Carnes y Fiambres', '170102', NULL, NULL),
(1022, 247, 1, 'Productos Lácteos', '170103', NULL, NULL),
(1023, 247, 1, 'Condimentos y Almacen', '170105', NULL, NULL),
(1024, 247, 1, 'Aderezos y Huevos', '170106', NULL, NULL),
(1025, 247, 1, 'Productos Enlatados', '170107', NULL, NULL),
(1026, 247, 1, 'Aceitunas', '170108', NULL, NULL),
(1027, 247, 1, 'Masas y Panes M. Prima', '170109', NULL, NULL),
(1028, 247, 1, 'Verduras Materia Prima', '170110', NULL, NULL),
(1029, 247, 1, 'M. Prima Traspaso', '170112', NULL, NULL),
(1030, 248, 1, 'Disponible', '170201', NULL, NULL),
(1031, 249, 1, 'Disponible', '170306', NULL, NULL),
(1032, 250, 1, 'Pastas Jumbo Artesanal', '170701', NULL, NULL),
(1033, 250, 1, 'Pizzas', '170702', NULL, NULL),
(1034, 250, 1, 'Sandwich Fab', '170703', NULL, NULL),
(1035, 250, 1, 'Pascualinas Fab', '170704', NULL, NULL),
(1036, 250, 1, 'Salsas Frescas Fab', '170705', NULL, NULL),
(1037, 250, 1, 'Insumos', '170706', NULL, NULL),
(1038, 251, 1, 'Tortillas Ter', '171301', NULL, NULL),
(1039, 251, 1, 'Pre Pizzas Ter', '171302', NULL, NULL),
(1040, 251, 1, 'Pastas Ter', '171303', NULL, NULL),
(1041, 251, 1, 'Pizzas Ter', '171304', NULL, NULL),
(1042, 251, 1, 'Masas Preparar Ter', '171305', NULL, NULL),
(1043, 251, 1, 'Cocktail Ter', '171306', NULL, NULL),
(1044, 251, 1, 'Sandwich Ter', '171307', NULL, NULL),
(1045, 251, 1, 'Pascualinas Ter', '171308', NULL, NULL),
(1046, 251, 1, 'Salsas Ter', '171309', NULL, NULL),
(1047, 251, 1, 'Otras Masas', '171310', NULL, NULL),
(1048, 251, 1, 'Pastas Artesanales', '171311', NULL, NULL),
(1049, 251, 1, 'Lasañas Ter', '171312', NULL, NULL),
(1050, 252, 1, 'Disponible', '171401', NULL, NULL),
(1051, 253, 1, 'Cremas - Leches', '320101', NULL, NULL),
(1052, 253, 1, 'Bases', '320102', NULL, NULL),
(1053, 253, 1, 'Mermeladas - Rellenos', '320103', NULL, NULL),
(1054, 253, 1, 'Materia Grasa', '320104', NULL, NULL),
(1055, 253, 1, 'Frutas', '320105', NULL, NULL),
(1056, 253, 1, 'Top', '320106', NULL, NULL),
(1057, 253, 1, 'Polvos', '320107', NULL, NULL),
(1058, 253, 1, 'Huevos', '320108', NULL, NULL),
(1059, 253, 1, 'Traspasos Sala', '320109', NULL, NULL),
(1060, 254, 1, 'Tortas', '320201', NULL, NULL),
(1061, 254, 1, 'Pasteles', '320202', NULL, NULL),
(1062, 254, 1, 'Pastelería Seca', '320203', NULL, NULL),
(1063, 254, 1, 'Kuchen y Otros', '320205', NULL, NULL),
(1064, 254, 1, 'Kuchenes Artesanales', '320206', NULL, NULL),
(1065, 254, 1, 'Tortas Artesanales', '320207', NULL, NULL),
(1066, 254, 1, 'Postres', '320208', NULL, NULL),
(1067, 255, 1, 'Tortas Terceros', '320301', NULL, NULL),
(1068, 255, 1, 'Bases', '320302', NULL, NULL),
(1069, 255, 1, 'Navidad', '320303', NULL, NULL),
(1070, 255, 1, 'Pastelería Seca Prov', '320304', NULL, NULL),
(1071, 255, 1, 'Importados', '320305', NULL, NULL),
(1072, 255, 1, 'Meson Gourmet', '320306', NULL, NULL),
(1073, 255, 1, 'Kuchen Terceros', '320307', NULL, NULL),
(1074, 255, 1, 'Pasteles Terceros', '320308', NULL, NULL),
(1075, 256, 1, 'Art. Pastelería a Eliminar', '320401', NULL, NULL),
(1076, 257, 1, 'Pastelería Seca', '320501', NULL, NULL),
(1077, 258, 1, 'Pastelería Seca Prov', '320601', NULL, NULL),
(1078, 258, 1, 'Importados', '320602', NULL, NULL),
(1079, 258, 1, 'Navidad', '320603', NULL, NULL),
(1080, 258, 1, 'Bases', '320604', NULL, NULL),
(1081, 258, 1, 'Tortas Prov', '320605', NULL, NULL),
(1082, 261, 1, 'Químicos', '240101', NULL, NULL),
(1083, 261, 1, 'Accesorios de Piscina / Piletas', '240104', NULL, NULL),
(1084, 261, 1, 'Ped. Esp. Pileta / Piscina / Accesorio', '240105', NULL, NULL),
(1085, 262, 1, 'Parrillas a Carbon', '240201', NULL, NULL),
(1086, 262, 1, 'Parrillas a Gas', '240202', NULL, NULL),
(1087, 262, 1, 'Accesorios de Parrilla', '240203', NULL, NULL),
(1088, 262, 1, 'Insumos', '240204', NULL, NULL);

-- --------------------------------------------------------

--
-- Estructura de tabla para la tabla `suppliers`
--

CREATE TABLE `suppliers` (
  `id` int(11) NOT NULL,
  `supplier_name` varchar(70) NOT NULL,
  `supplier_description` text,
  `supplier_keyword` varchar(45) NOT NULL,
  `enabled` int(11) NOT NULL,
  `created` datetime DEFAULT NULL,
  `modified` datetime DEFAULT NULL
) ENGINE=InnoDB DEFAULT CHARSET=utf8;

--
-- Volcado de datos para la tabla `suppliers`
--

INSERT INTO `suppliers` (`id`, `supplier_name`, `supplier_description`, `supplier_keyword`, `enabled`, `created`, `modified`) VALUES
(1, 'Unilever Chile Ltda', NULL, '', 1, '2018-04-11 21:00:25', '2018-04-11 21:00:25');

-- --------------------------------------------------------

--
-- Estructura de tabla para la tabla `suppliers_companies`
--

CREATE TABLE `suppliers_companies` (
  `id` int(11) NOT NULL,
  `supplier_id` int(11) NOT NULL,
  `company_id` int(11) NOT NULL,
  `supplier_code` varchar(45) DEFAULT NULL,
  `enabled` int(11) NOT NULL,
  `created` datetime DEFAULT NULL,
  `modified` datetime DEFAULT NULL
) ENGINE=InnoDB DEFAULT CHARSET=utf8;

--
-- Volcado de datos para la tabla `suppliers_companies`
--

INSERT INTO `suppliers_companies` (`id`, `supplier_id`, `company_id`, `supplier_code`, `enabled`, `created`, `modified`) VALUES
(1, 1, 1, NULL, 0, '2018-04-11 21:00:25', '2018-04-11 21:00:25');

-- --------------------------------------------------------

--
-- Estructura de tabla para la tabla `suppliers_products`
--

CREATE TABLE `suppliers_products` (
  `id` int(11) NOT NULL,
  `supplier_id` int(11) NOT NULL,
  `product_id` int(11) NOT NULL,
  `enabled` int(11) NOT NULL,
  `created` datetime DEFAULT NULL,
  `modified` datetime DEFAULT NULL
) ENGINE=InnoDB DEFAULT CHARSET=utf8;

-- --------------------------------------------------------

--
-- Estructura de tabla para la tabla `users`
--

CREATE TABLE `users` (
  `id` int(11) NOT NULL,
  `name` varchar(45) NOT NULL,
  `last_name` varchar(45) NOT NULL,
  `username` varchar(70) NOT NULL,
  `email` varchar(70) NOT NULL,
  `password` varchar(100) NOT NULL,
  `active` int(11) NOT NULL,
  `created` datetime DEFAULT NULL,
  `modified` datetime DEFAULT NULL
) ENGINE=InnoDB DEFAULT CHARSET=utf8;

--
-- Volcado de datos para la tabla `users`
--

INSERT INTO `users` (`id`, `name`, `last_name`, `username`, `email`, `password`, `active`, `created`, `modified`) VALUES
(1, 'Hugo', 'Inda', 'hugo@zippedi.com', 'hugo@zippedi.com', '$2y$10$o5j2pYJDT8lRNqkJZoquKeo9kou1OM/0DfC.swOWSCBcIHcX1JOma', 1, '2018-04-20 13:17:34', '2018-04-20 18:47:10');

-- --------------------------------------------------------

--
-- Estructura de tabla para la tabla `users_companies`
--

CREATE TABLE `users_companies` (
  `id` int(11) NOT NULL,
  `user_id` int(11) NOT NULL,
  `company_id` int(11) NOT NULL,
  `store_id` int(11) NOT NULL,
  `section_id` int(11) NOT NULL,
  `enabled` int(11) NOT NULL,
  `created` datetime DEFAULT NULL,
  `modified` datetime DEFAULT NULL
) ENGINE=InnoDB DEFAULT CHARSET=utf8;

--
-- Volcado de datos para la tabla `users_companies`
--

INSERT INTO `users_companies` (`id`, `user_id`, `company_id`, `store_id`, `section_id`, `enabled`, `created`, `modified`) VALUES
(4, 1, 1, 1, 1, 1, '2018-04-20 16:18:41', '2018-04-20 16:18:41'),
(5, 1, 1, 2, 16, 1, '2018-04-20 18:34:50', '2018-04-20 18:34:50'),
(6, 1, 1, 1, 5, 1, '2018-04-20 18:40:03', '2018-04-20 18:40:03');

-- --------------------------------------------------------

--
-- Estructura de tabla para la tabla `users_groups`
--

CREATE TABLE `users_groups` (
  `id` int(11) NOT NULL,
  `group_id` int(11) NOT NULL,
  `user_id` int(11) NOT NULL,
  `created` datetime DEFAULT NULL,
  `modified` datetime DEFAULT NULL
) ENGINE=InnoDB DEFAULT CHARSET=utf8;

-- --------------------------------------------------------

--
-- Estructura de tabla para la tabla `users_permissions`
--

CREATE TABLE `users_permissions` (
  `id` int(11) NOT NULL,
  `user_id` int(11) NOT NULL,
  `permission_id` int(11) NOT NULL,
  `date_start` datetime NOT NULL,
  `date_finish` datetime NOT NULL,
  `created` datetime DEFAULT NULL,
  `modified` datetime DEFAULT NULL
) ENGINE=InnoDB DEFAULT CHARSET=utf8;

-- --------------------------------------------------------

--
-- Estructura de tabla para la tabla `users_suppliers`
--

CREATE TABLE `users_suppliers` (
  `id` int(11) NOT NULL,
  `user_id` int(11) NOT NULL,
  `supplier_id` int(11) NOT NULL,
  `company_id` int(11) NOT NULL,
  `store_id` int(11) NOT NULL,
  `section_id` int(11) NOT NULL,
  `enabled` int(11) NOT NULL,
  `created` datetime DEFAULT NULL,
  `modified` datetime DEFAULT NULL
) ENGINE=InnoDB DEFAULT CHARSET=utf8;

--
-- Volcado de datos para la tabla `users_suppliers`
--

INSERT INTO `users_suppliers` (`id`, `user_id`, `supplier_id`, `company_id`, `store_id`, `section_id`, `enabled`, `created`, `modified`) VALUES
(12, 1, 1, 1, 1, 1, 1, '2018-04-20 16:18:41', '2018-04-20 16:18:41'),
(13, 1, 1, 1, 14, 5, 1, '2018-04-20 18:40:52', '2018-04-20 18:40:52'),
(14, 1, 1, 1, 1, 6, 1, '2018-04-20 18:47:10', '2018-04-20 18:47:10'),
(15, 1, 1, 1, 1, 10, 1, '2018-04-20 18:47:10', '2018-04-20 18:47:10');

--
-- Índices para tablas volcadas
--

--
-- Indices de la tabla `aisles`
--
ALTER TABLE `aisles`
  ADD PRIMARY KEY (`id`),
  ADD KEY `fk_aisles_companies1_idx` (`company_id`),
  ADD KEY `fk_aisles_stores1_idx` (`store_id`);

--
-- Indices de la tabla `analyzed_products`
--
ALTER TABLE `analyzed_products`
  ADD PRIMARY KEY (`id`),
  ADD KEY `fk_analyzed_products_products_stores1_idx` (`product_store_id`);

--
-- Indices de la tabla `categories`
--
ALTER TABLE `categories`
  ADD PRIMARY KEY (`id`),
  ADD KEY `fk_categories_companies1_idx` (`company_id`),
  ADD KEY `fk_categories_sections1_idx` (`section_id`);

--
-- Indices de la tabla `communes`
--
ALTER TABLE `communes`
  ADD PRIMARY KEY (`id`),
  ADD KEY `fk_communes_regions1_idx` (`region_id`),
  ADD KEY `fk_communes_countries1_idx` (`country_id`);

--
-- Indices de la tabla `companies`
--
ALTER TABLE `companies`
  ADD PRIMARY KEY (`id`);

--
-- Indices de la tabla `countries`
--
ALTER TABLE `countries`
  ADD PRIMARY KEY (`id`);

--
-- Indices de la tabla `groups`
--
ALTER TABLE `groups`
  ADD PRIMARY KEY (`id`);

--
-- Indices de la tabla `groups_permissions`
--
ALTER TABLE `groups_permissions`
  ADD PRIMARY KEY (`id`),
  ADD KEY `fk_groups_permissions_groups1_idx` (`group_id`),
  ADD KEY `fk_groups_permissions_permissions1_idx` (`permission_id`);

--
-- Indices de la tabla `locations`
--
ALTER TABLE `locations`
  ADD PRIMARY KEY (`id`),
  ADD KEY `fk_locations_countries1_idx` (`country_id`),
  ADD KEY `fk_locations_regions1_idx` (`region_id`),
  ADD KEY `fk_locations_communes1_idx` (`commune_id`);

--
-- Indices de la tabla `logs`
--
ALTER TABLE `logs`
  ADD PRIMARY KEY (`id`),
  ADD KEY `fk_logs_users1_idx` (`user_id`);

--
-- Indices de la tabla `measurement_units`
--
ALTER TABLE `measurement_units`
  ADD PRIMARY KEY (`id`);

--
-- Indices de la tabla `permissions`
--
ALTER TABLE `permissions`
  ADD PRIMARY KEY (`id`);

--
-- Indices de la tabla `phinxlog`
--
ALTER TABLE `phinxlog`
  ADD PRIMARY KEY (`version`);

--
-- Indices de la tabla `products`
--
ALTER TABLE `products`
  ADD PRIMARY KEY (`id`),
  ADD KEY `fk_products_measurement_units1_idx` (`measurement_unit_id`);

--
-- Indices de la tabla `products_stores`
--
ALTER TABLE `products_stores`
  ADD PRIMARY KEY (`id`),
  ADD KEY `fk_products_stores_products1_idx` (`product_id`),
  ADD KEY `fk_products_stores_stores1_idx` (`store_id`),
  ADD KEY `fk_products_stores_companies1_idx` (`company_id`),
  ADD KEY `fk_products_stores_sections1_idx` (`section_id`),
  ADD KEY `fk_products_stores_categories1_idx` (`category_id`),
  ADD KEY `fk_products_stores_sub_categories1_idx` (`sub_category_id`),
  ADD KEY `fk_products_stores_aisles1_idx` (`aisle_id`);

--
-- Indices de la tabla `regions`
--
ALTER TABLE `regions`
  ADD PRIMARY KEY (`id`),
  ADD KEY `fk_regions_countries1_idx` (`country_id`);

--
-- Indices de la tabla `robot_reports`
--
ALTER TABLE `robot_reports`
  ADD PRIMARY KEY (`id`);

--
-- Indices de la tabla `sections`
--
ALTER TABLE `sections`
  ADD PRIMARY KEY (`id`),
  ADD KEY `fk_sections_companies1_idx` (`company_id`);

--
-- Indices de la tabla `stores`
--
ALTER TABLE `stores`
  ADD PRIMARY KEY (`id`),
  ADD KEY `fk_stores_companies1_idx` (`company_id`),
  ADD KEY `fk_stores_locations1_idx` (`location_id`);

--
-- Indices de la tabla `sub_categories`
--
ALTER TABLE `sub_categories`
  ADD PRIMARY KEY (`id`),
  ADD KEY `fk_sub_categories_categories1_idx` (`category_id`),
  ADD KEY `fk_sub_categories_companies1_idx` (`company_id`);

--
-- Indices de la tabla `suppliers`
--
ALTER TABLE `suppliers`
  ADD PRIMARY KEY (`id`);

--
-- Indices de la tabla `suppliers_companies`
--
ALTER TABLE `suppliers_companies`
  ADD PRIMARY KEY (`id`),
  ADD KEY `fk_suppliers_companies_suppliers1_idx` (`supplier_id`),
  ADD KEY `fk_suppliers_companies_companies1_idx` (`company_id`);

--
-- Indices de la tabla `suppliers_products`
--
ALTER TABLE `suppliers_products`
  ADD PRIMARY KEY (`id`),
  ADD KEY `fk_suppliers_products_suppliers1_idx` (`supplier_id`),
  ADD KEY `fk_suppliers_products_products1_idx` (`product_id`);

--
-- Indices de la tabla `users`
--
ALTER TABLE `users`
  ADD PRIMARY KEY (`id`);

--
-- Indices de la tabla `users_companies`
--
ALTER TABLE `users_companies`
  ADD PRIMARY KEY (`id`),
  ADD KEY `fk_users_companies_users1_idx` (`user_id`),
  ADD KEY `fk_users_companies_companies1_idx` (`company_id`),
  ADD KEY `fk_users_companies_stores1_idx` (`store_id`),
  ADD KEY `fk_users_companies_sections1_idx` (`section_id`);

--
-- Indices de la tabla `users_groups`
--
ALTER TABLE `users_groups`
  ADD PRIMARY KEY (`id`),
  ADD KEY `fk_users_groups_groups1_idx` (`group_id`),
  ADD KEY `fk_users_groups_users1_idx` (`user_id`);

--
-- Indices de la tabla `users_permissions`
--
ALTER TABLE `users_permissions`
  ADD PRIMARY KEY (`id`),
  ADD KEY `fk_users_permissions_users1_idx` (`user_id`),
  ADD KEY `fk_users_permissions_permissions1_idx` (`permission_id`);

--
-- Indices de la tabla `users_suppliers`
--
ALTER TABLE `users_suppliers`
  ADD PRIMARY KEY (`id`),
  ADD KEY `fk_users_suppliers_users1_idx` (`user_id`),
  ADD KEY `fk_users_suppliers_suppliers1_idx` (`supplier_id`),
  ADD KEY `fk_users_suppliers_companies1_idx` (`company_id`),
  ADD KEY `fk_users_suppliers_stores1_idx` (`store_id`),
  ADD KEY `fk_users_suppliers_sections1_idx` (`section_id`);

--
-- AUTO_INCREMENT de las tablas volcadas
--

--
-- AUTO_INCREMENT de la tabla `aisles`
--
ALTER TABLE `aisles`
  MODIFY `id` int(11) NOT NULL AUTO_INCREMENT;
--
-- AUTO_INCREMENT de la tabla `analyzed_products`
--
ALTER TABLE `analyzed_products`
  MODIFY `id` int(11) NOT NULL AUTO_INCREMENT;
--
-- AUTO_INCREMENT de la tabla `categories`
--
ALTER TABLE `categories`
  MODIFY `id` int(11) NOT NULL AUTO_INCREMENT, AUTO_INCREMENT=263;
--
-- AUTO_INCREMENT de la tabla `communes`
--
ALTER TABLE `communes`
  MODIFY `id` int(11) NOT NULL AUTO_INCREMENT, AUTO_INCREMENT=347;
--
-- AUTO_INCREMENT de la tabla `companies`
--
ALTER TABLE `companies`
  MODIFY `id` int(11) NOT NULL AUTO_INCREMENT, AUTO_INCREMENT=3;
--
-- AUTO_INCREMENT de la tabla `countries`
--
ALTER TABLE `countries`
  MODIFY `id` int(11) NOT NULL AUTO_INCREMENT, AUTO_INCREMENT=2;
--
-- AUTO_INCREMENT de la tabla `groups`
--
ALTER TABLE `groups`
  MODIFY `id` int(11) NOT NULL AUTO_INCREMENT;
--
-- AUTO_INCREMENT de la tabla `groups_permissions`
--
ALTER TABLE `groups_permissions`
  MODIFY `id` int(11) NOT NULL AUTO_INCREMENT;
--
-- AUTO_INCREMENT de la tabla `locations`
--
ALTER TABLE `locations`
  MODIFY `id` int(11) NOT NULL AUTO_INCREMENT, AUTO_INCREMENT=17;
--
-- AUTO_INCREMENT de la tabla `logs`
--
ALTER TABLE `logs`
  MODIFY `id` int(11) NOT NULL AUTO_INCREMENT;
--
-- AUTO_INCREMENT de la tabla `measurement_units`
--
ALTER TABLE `measurement_units`
  MODIFY `id` int(11) NOT NULL AUTO_INCREMENT, AUTO_INCREMENT=4;
--
-- AUTO_INCREMENT de la tabla `permissions`
--
ALTER TABLE `permissions`
  MODIFY `id` int(11) NOT NULL AUTO_INCREMENT;
--
-- AUTO_INCREMENT de la tabla `products`
--
ALTER TABLE `products`
  MODIFY `id` int(11) NOT NULL AUTO_INCREMENT, AUTO_INCREMENT=17551;
--
-- AUTO_INCREMENT de la tabla `products_stores`
--
ALTER TABLE `products_stores`
  MODIFY `id` int(11) NOT NULL AUTO_INCREMENT, AUTO_INCREMENT=154267;
--
-- AUTO_INCREMENT de la tabla `regions`
--
ALTER TABLE `regions`
  MODIFY `id` int(11) NOT NULL AUTO_INCREMENT, AUTO_INCREMENT=16;
--
-- AUTO_INCREMENT de la tabla `robot_reports`
--
ALTER TABLE `robot_reports`
  MODIFY `id` int(11) NOT NULL AUTO_INCREMENT;
--
-- AUTO_INCREMENT de la tabla `sections`
--
ALTER TABLE `sections`
  MODIFY `id` int(11) NOT NULL AUTO_INCREMENT, AUTO_INCREMENT=24;
--
-- AUTO_INCREMENT de la tabla `stores`
--
ALTER TABLE `stores`
  MODIFY `id` int(11) NOT NULL AUTO_INCREMENT, AUTO_INCREMENT=17;
--
-- AUTO_INCREMENT de la tabla `sub_categories`
--
ALTER TABLE `sub_categories`
  MODIFY `id` int(11) NOT NULL AUTO_INCREMENT, AUTO_INCREMENT=1089;
--
-- AUTO_INCREMENT de la tabla `suppliers`
--
ALTER TABLE `suppliers`
  MODIFY `id` int(11) NOT NULL AUTO_INCREMENT, AUTO_INCREMENT=2;
--
-- AUTO_INCREMENT de la tabla `suppliers_companies`
--
ALTER TABLE `suppliers_companies`
  MODIFY `id` int(11) NOT NULL AUTO_INCREMENT, AUTO_INCREMENT=2;
--
-- AUTO_INCREMENT de la tabla `suppliers_products`
--
ALTER TABLE `suppliers_products`
  MODIFY `id` int(11) NOT NULL AUTO_INCREMENT;
--
-- AUTO_INCREMENT de la tabla `users`
--
ALTER TABLE `users`
  MODIFY `id` int(11) NOT NULL AUTO_INCREMENT, AUTO_INCREMENT=2;
--
-- AUTO_INCREMENT de la tabla `users_companies`
--
ALTER TABLE `users_companies`
  MODIFY `id` int(11) NOT NULL AUTO_INCREMENT, AUTO_INCREMENT=7;
--
-- AUTO_INCREMENT de la tabla `users_groups`
--
ALTER TABLE `users_groups`
  MODIFY `id` int(11) NOT NULL AUTO_INCREMENT;
--
-- AUTO_INCREMENT de la tabla `users_permissions`
--
ALTER TABLE `users_permissions`
  MODIFY `id` int(11) NOT NULL AUTO_INCREMENT;
--
-- AUTO_INCREMENT de la tabla `users_suppliers`
--
ALTER TABLE `users_suppliers`
  MODIFY `id` int(11) NOT NULL AUTO_INCREMENT, AUTO_INCREMENT=16;
--
-- Restricciones para tablas volcadas
--

--
-- Filtros para la tabla `aisles`
--
ALTER TABLE `aisles`
  ADD CONSTRAINT `fk_aisles_companies1` FOREIGN KEY (`company_id`) REFERENCES `companies` (`id`) ON DELETE NO ACTION ON UPDATE NO ACTION,
  ADD CONSTRAINT `fk_aisles_stores1` FOREIGN KEY (`store_id`) REFERENCES `stores` (`id`) ON DELETE NO ACTION ON UPDATE NO ACTION;

--
-- Filtros para la tabla `analyzed_products`
--
ALTER TABLE `analyzed_products`
  ADD CONSTRAINT `fk_analyzed_products_products_stores1` FOREIGN KEY (`product_store_id`) REFERENCES `products_stores` (`id`) ON DELETE NO ACTION ON UPDATE NO ACTION;

--
-- Filtros para la tabla `categories`
--
ALTER TABLE `categories`
  ADD CONSTRAINT `fk_categories_companies1` FOREIGN KEY (`company_id`) REFERENCES `companies` (`id`) ON DELETE NO ACTION ON UPDATE NO ACTION,
  ADD CONSTRAINT `fk_categories_sections1` FOREIGN KEY (`section_id`) REFERENCES `sections` (`id`) ON DELETE NO ACTION ON UPDATE NO ACTION;

--
-- Filtros para la tabla `communes`
--
ALTER TABLE `communes`
  ADD CONSTRAINT `fk_communes_countries1` FOREIGN KEY (`country_id`) REFERENCES `countries` (`id`) ON DELETE NO ACTION ON UPDATE NO ACTION,
  ADD CONSTRAINT `fk_communes_regions1` FOREIGN KEY (`region_id`) REFERENCES `regions` (`id`) ON DELETE NO ACTION ON UPDATE NO ACTION;

--
-- Filtros para la tabla `groups_permissions`
--
ALTER TABLE `groups_permissions`
  ADD CONSTRAINT `fk_groups_permissions_groups1` FOREIGN KEY (`group_id`) REFERENCES `groups` (`id`) ON DELETE NO ACTION ON UPDATE NO ACTION,
  ADD CONSTRAINT `fk_groups_permissions_permissions1` FOREIGN KEY (`permission_id`) REFERENCES `permissions` (`id`) ON DELETE NO ACTION ON UPDATE NO ACTION;

--
-- Filtros para la tabla `locations`
--
ALTER TABLE `locations`
  ADD CONSTRAINT `fk_locations_communes1` FOREIGN KEY (`commune_id`) REFERENCES `communes` (`id`) ON DELETE NO ACTION ON UPDATE NO ACTION,
  ADD CONSTRAINT `fk_locations_countries1` FOREIGN KEY (`country_id`) REFERENCES `countries` (`id`) ON DELETE NO ACTION ON UPDATE NO ACTION,
  ADD CONSTRAINT `fk_locations_regions1` FOREIGN KEY (`region_id`) REFERENCES `regions` (`id`) ON DELETE NO ACTION ON UPDATE NO ACTION;

--
-- Filtros para la tabla `logs`
--
ALTER TABLE `logs`
  ADD CONSTRAINT `fk_logs_users1` FOREIGN KEY (`user_id`) REFERENCES `users` (`id`) ON DELETE NO ACTION ON UPDATE NO ACTION;

--
-- Filtros para la tabla `products`
--
ALTER TABLE `products`
  ADD CONSTRAINT `fk_products_measurement_units1` FOREIGN KEY (`measurement_unit_id`) REFERENCES `measurement_units` (`id`) ON DELETE NO ACTION ON UPDATE NO ACTION;

--
-- Filtros para la tabla `products_stores`
--
ALTER TABLE `products_stores`
  ADD CONSTRAINT `fk_products_stores_aisles1` FOREIGN KEY (`aisle_id`) REFERENCES `aisles` (`id`) ON DELETE NO ACTION ON UPDATE NO ACTION,
  ADD CONSTRAINT `fk_products_stores_categories1` FOREIGN KEY (`category_id`) REFERENCES `categories` (`id`) ON DELETE NO ACTION ON UPDATE NO ACTION,
  ADD CONSTRAINT `fk_products_stores_companies1` FOREIGN KEY (`company_id`) REFERENCES `companies` (`id`) ON DELETE NO ACTION ON UPDATE NO ACTION,
  ADD CONSTRAINT `fk_products_stores_products1` FOREIGN KEY (`product_id`) REFERENCES `products` (`id`) ON DELETE NO ACTION ON UPDATE NO ACTION,
  ADD CONSTRAINT `fk_products_stores_sections1` FOREIGN KEY (`section_id`) REFERENCES `sections` (`id`) ON DELETE NO ACTION ON UPDATE NO ACTION,
  ADD CONSTRAINT `fk_products_stores_stores1` FOREIGN KEY (`store_id`) REFERENCES `stores` (`id`) ON DELETE NO ACTION ON UPDATE NO ACTION,
  ADD CONSTRAINT `fk_products_stores_sub_categories1` FOREIGN KEY (`sub_category_id`) REFERENCES `sub_categories` (`id`) ON DELETE NO ACTION ON UPDATE NO ACTION;

--
-- Filtros para la tabla `regions`
--
ALTER TABLE `regions`
  ADD CONSTRAINT `fk_regions_countries1` FOREIGN KEY (`country_id`) REFERENCES `countries` (`id`) ON DELETE NO ACTION ON UPDATE NO ACTION;

--
-- Filtros para la tabla `sections`
--
ALTER TABLE `sections`
  ADD CONSTRAINT `fk_sections_companies1` FOREIGN KEY (`company_id`) REFERENCES `companies` (`id`) ON DELETE NO ACTION ON UPDATE NO ACTION;

--
-- Filtros para la tabla `stores`
--
ALTER TABLE `stores`
  ADD CONSTRAINT `fk_stores_companies1` FOREIGN KEY (`company_id`) REFERENCES `companies` (`id`) ON DELETE NO ACTION ON UPDATE NO ACTION,
  ADD CONSTRAINT `fk_stores_locations1` FOREIGN KEY (`location_id`) REFERENCES `locations` (`id`) ON DELETE NO ACTION ON UPDATE NO ACTION;

--
-- Filtros para la tabla `sub_categories`
--
ALTER TABLE `sub_categories`
  ADD CONSTRAINT `fk_sub_categories_categories1` FOREIGN KEY (`category_id`) REFERENCES `categories` (`id`) ON DELETE NO ACTION ON UPDATE NO ACTION,
  ADD CONSTRAINT `fk_sub_categories_companies1` FOREIGN KEY (`company_id`) REFERENCES `companies` (`id`) ON DELETE NO ACTION ON UPDATE NO ACTION;

--
-- Filtros para la tabla `suppliers_companies`
--
ALTER TABLE `suppliers_companies`
  ADD CONSTRAINT `fk_suppliers_companies_companies1` FOREIGN KEY (`company_id`) REFERENCES `companies` (`id`) ON DELETE NO ACTION ON UPDATE NO ACTION,
  ADD CONSTRAINT `fk_suppliers_companies_suppliers1` FOREIGN KEY (`supplier_id`) REFERENCES `suppliers` (`id`) ON DELETE NO ACTION ON UPDATE NO ACTION;

--
-- Filtros para la tabla `suppliers_products`
--
ALTER TABLE `suppliers_products`
  ADD CONSTRAINT `fk_suppliers_products_products1` FOREIGN KEY (`product_id`) REFERENCES `products` (`id`) ON DELETE NO ACTION ON UPDATE NO ACTION,
  ADD CONSTRAINT `fk_suppliers_products_suppliers1` FOREIGN KEY (`supplier_id`) REFERENCES `suppliers` (`id`) ON DELETE NO ACTION ON UPDATE NO ACTION;

--
-- Filtros para la tabla `users_companies`
--
ALTER TABLE `users_companies`
  ADD CONSTRAINT `fk_users_companies_companies1` FOREIGN KEY (`company_id`) REFERENCES `companies` (`id`) ON DELETE NO ACTION ON UPDATE NO ACTION,
  ADD CONSTRAINT `fk_users_companies_sections1` FOREIGN KEY (`section_id`) REFERENCES `sections` (`id`) ON DELETE NO ACTION ON UPDATE NO ACTION,
  ADD CONSTRAINT `fk_users_companies_stores1` FOREIGN KEY (`store_id`) REFERENCES `stores` (`id`) ON DELETE NO ACTION ON UPDATE NO ACTION,
  ADD CONSTRAINT `fk_users_companies_users1` FOREIGN KEY (`user_id`) REFERENCES `users` (`id`) ON DELETE NO ACTION ON UPDATE NO ACTION;

--
-- Filtros para la tabla `users_groups`
--
ALTER TABLE `users_groups`
  ADD CONSTRAINT `fk_users_groups_groups1` FOREIGN KEY (`group_id`) REFERENCES `groups` (`id`) ON DELETE NO ACTION ON UPDATE NO ACTION,
  ADD CONSTRAINT `fk_users_groups_users1` FOREIGN KEY (`user_id`) REFERENCES `users` (`id`) ON DELETE NO ACTION ON UPDATE NO ACTION;

--
-- Filtros para la tabla `users_permissions`
--
ALTER TABLE `users_permissions`
  ADD CONSTRAINT `fk_users_permissions_permissions1` FOREIGN KEY (`permission_id`) REFERENCES `permissions` (`id`) ON DELETE NO ACTION ON UPDATE NO ACTION,
  ADD CONSTRAINT `fk_users_permissions_users1` FOREIGN KEY (`user_id`) REFERENCES `users` (`id`) ON DELETE NO ACTION ON UPDATE NO ACTION;

--
-- Filtros para la tabla `users_suppliers`
--
ALTER TABLE `users_suppliers`
  ADD CONSTRAINT `fk_users_suppliers_companies1` FOREIGN KEY (`company_id`) REFERENCES `companies` (`id`) ON DELETE NO ACTION ON UPDATE NO ACTION,
  ADD CONSTRAINT `fk_users_suppliers_sections1` FOREIGN KEY (`section_id`) REFERENCES `sections` (`id`) ON DELETE NO ACTION ON UPDATE NO ACTION,
  ADD CONSTRAINT `fk_users_suppliers_stores1` FOREIGN KEY (`store_id`) REFERENCES `stores` (`id`) ON DELETE NO ACTION ON UPDATE NO ACTION,
  ADD CONSTRAINT `fk_users_suppliers_suppliers1` FOREIGN KEY (`supplier_id`) REFERENCES `suppliers` (`id`) ON DELETE NO ACTION ON UPDATE NO ACTION,
  ADD CONSTRAINT `fk_users_suppliers_users1` FOREIGN KEY (`user_id`) REFERENCES `users` (`id`) ON DELETE NO ACTION ON UPDATE NO ACTION;

/*!40101 SET CHARACTER_SET_CLIENT=@OLD_CHARACTER_SET_CLIENT */;
/*!40101 SET CHARACTER_SET_RESULTS=@OLD_CHARACTER_SET_RESULTS */;
/*!40101 SET COLLATION_CONNECTION=@OLD_COLLATION_CONNECTION */;
